-- MySQL dump 10.13  Distrib 9.2.0, for Win64 (x86_64)
--
-- Host: localhost    Database: airline_db
-- ------------------------------------------------------
-- Server version	9.2.0

/*!40101 SET @OLD_CHARACTER_SET_CLIENT=@@CHARACTER_SET_CLIENT */;
/*!40101 SET @OLD_CHARACTER_SET_RESULTS=@@CHARACTER_SET_RESULTS */;
/*!40101 SET @OLD_COLLATION_CONNECTION=@@COLLATION_CONNECTION */;
/*!50503 SET NAMES utf8mb4 */;
/*!40103 SET @OLD_TIME_ZONE=@@TIME_ZONE */;
/*!40103 SET TIME_ZONE='+00:00' */;
/*!40014 SET @OLD_UNIQUE_CHECKS=@@UNIQUE_CHECKS, UNIQUE_CHECKS=0 */;
/*!40014 SET @OLD_FOREIGN_KEY_CHECKS=@@FOREIGN_KEY_CHECKS, FOREIGN_KEY_CHECKS=0 */;
/*!40101 SET @OLD_SQL_MODE=@@SQL_MODE, SQL_MODE='NO_AUTO_VALUE_ON_ZERO' */;
/*!40111 SET @OLD_SQL_NOTES=@@SQL_NOTES, SQL_NOTES=0 */;

--
-- Table structure for table `aircraft`
--

DROP TABLE IF EXISTS `aircraft`;
/*!40101 SET @saved_cs_client     = @@character_set_client */;
/*!50503 SET character_set_client = utf8mb4 */;
CREATE TABLE `aircraft` (
  `Aircraft_ID` int NOT NULL AUTO_INCREMENT,
  `Aircraft_Type` varchar(50) NOT NULL,
  `Capacity` int NOT NULL,
  `Manufacturer` varchar(50) DEFAULT NULL,
  `Maintenance_Status` enum('Operational','Under Maintenance') NOT NULL,
  `Last_Maintenance_Date` date DEFAULT NULL,
  PRIMARY KEY (`Aircraft_ID`),
  KEY `idx_aircraft_maintenance_type` (`Maintenance_Status`,`Aircraft_Type`)
) ENGINE=InnoDB AUTO_INCREMENT=103 DEFAULT CHARSET=utf8mb4 COLLATE=utf8mb4_0900_ai_ci;
/*!40101 SET character_set_client = @saved_cs_client */;

--
-- Dumping data for table `aircraft`
--

LOCK TABLES `aircraft` WRITE;
/*!40000 ALTER TABLE `aircraft` DISABLE KEYS */;
INSERT INTO `aircraft` VALUES (1,'Boeing 787',291,'Airbus','Operational','2024-05-29'),(2,'Airbus A320',239,'Boeing','Operational','2024-03-30'),(3,'Boeing 737',369,'Airbus','Under Maintenance','2024-08-19'),(4,'Boeing 737',249,'Airbus','Under Maintenance','2024-04-04'),(5,'Airbus A320',253,'Boeing','Operational','2024-05-15'),(6,'Boeing 737',350,'Boeing','Operational','2024-06-15'),(7,'Airbus A380',318,'Airbus','Under Maintenance','2024-03-13'),(8,'Boeing 787',246,'Boeing','Operational','2024-02-07'),(9,'Boeing 737',190,'Airbus','Under Maintenance','2024-08-18'),(10,'Airbus A320',185,'Airbus','Operational','2024-04-27'),(11,'Boeing 737',103,'Airbus','Under Maintenance','2024-02-02'),(12,'Boeing 737',236,'Airbus','Under Maintenance','2024-03-28'),(13,'Boeing 787',109,'Boeing','Under Maintenance','2024-04-24'),(14,'Airbus A320',354,'Boeing','Under Maintenance','2024-01-17'),(15,'Airbus A320',155,'Boeing','Under Maintenance','2024-09-16'),(16,'Airbus A320',284,'Airbus','Under Maintenance','2024-03-13'),(17,'Airbus A380',131,'Boeing','Under Maintenance','2024-02-10'),(18,'Boeing 787',234,'Boeing','Operational','2024-09-07'),(19,'Airbus A320',326,'Boeing','Operational','2024-08-25'),(20,'Airbus A380',106,'Boeing','Under Maintenance','2024-05-17'),(21,'Boeing 737',178,'Boeing','Under Maintenance','2024-10-07'),(22,'Airbus A380',359,'Airbus','Operational','2024-04-21'),(23,'Airbus A320',365,'Airbus','Under Maintenance','2024-03-27'),(24,'Airbus A320',183,'Boeing','Under Maintenance','2024-05-22'),(25,'Boeing 737',193,'Boeing','Under Maintenance','2024-06-21'),(26,'Boeing 787',148,'Airbus','Under Maintenance','2024-09-26'),(27,'Boeing 787',117,'Boeing','Operational','2024-12-08'),(28,'Airbus A380',162,'Boeing','Operational','2024-10-04'),(29,'Airbus A380',133,'Airbus','Operational','2024-09-30'),(30,'Airbus A320',355,'Boeing','Under Maintenance','2024-05-04'),(31,'Boeing 787',107,'Boeing','Operational','2024-06-27'),(32,'Airbus A320',212,'Boeing','Operational','2024-03-11'),(33,'Airbus A320',347,'Boeing','Under Maintenance','2024-09-30'),(34,'Boeing 737',326,'Airbus','Operational','2024-01-25'),(35,'Airbus A380',310,'Boeing','Operational','2024-08-26'),(36,'Airbus A320',134,'Airbus','Under Maintenance','2024-04-18'),(37,'Boeing 787',368,'Airbus','Operational','2024-03-13'),(38,'Airbus A320',329,'Airbus','Under Maintenance','2024-03-23'),(39,'Boeing 737',230,'Airbus','Under Maintenance','2024-11-27'),(40,'Boeing 787',224,'Boeing','Under Maintenance','2024-09-04'),(41,'Airbus A320',329,'Airbus','Under Maintenance','2024-10-05'),(42,'Boeing 787',274,'Boeing','Under Maintenance','2024-06-25'),(43,'Boeing 787',234,'Boeing','Under Maintenance','2024-08-12'),(44,'Airbus A320',327,'Boeing','Operational','2024-12-25'),(45,'Boeing 787',190,'Boeing','Operational','2024-12-18'),(46,'Airbus A320',319,'Airbus','Under Maintenance','2024-05-20'),(47,'Boeing 737',305,'Boeing','Under Maintenance','2024-02-05'),(48,'Boeing 737',264,'Boeing','Operational','2024-01-01'),(49,'Airbus A380',207,'Airbus','Operational','2024-08-07'),(50,'Airbus A320',363,'Airbus','Operational','2024-09-14'),(51,'Airbus A320',276,'Boeing','Operational','2024-07-26'),(52,'Airbus A320',382,'Airbus','Under Maintenance','2024-01-08'),(53,'Boeing 787',100,'Airbus','Operational','2024-07-11'),(54,'Boeing 787',125,'Boeing','Under Maintenance','2024-07-12'),(55,'Airbus A320',330,'Boeing','Under Maintenance','2024-06-24'),(56,'Airbus A380',117,'Airbus','Under Maintenance','2024-10-13'),(57,'Airbus A380',166,'Boeing','Under Maintenance','2024-06-01'),(58,'Boeing 787',373,'Airbus','Under Maintenance','2024-07-08'),(59,'Airbus A380',275,'Boeing','Operational','2024-02-02'),(60,'Airbus A320',281,'Boeing','Operational','2024-10-10'),(61,'Airbus A380',321,'Boeing','Operational','2024-04-20'),(62,'Airbus A380',331,'Airbus','Under Maintenance','2024-01-01'),(63,'Boeing 787',277,'Boeing','Operational','2024-05-08'),(64,'Boeing 787',107,'Airbus','Operational','2024-07-06'),(65,'Airbus A320',331,'Airbus','Under Maintenance','2024-10-05'),(66,'Airbus A320',339,'Boeing','Under Maintenance','2024-07-31'),(67,'Airbus A320',318,'Boeing','Under Maintenance','2024-01-06'),(68,'Airbus A380',283,'Boeing','Operational','2024-01-30'),(69,'Boeing 737',126,'Boeing','Operational','2024-10-17'),(70,'Airbus A380',397,'Boeing','Operational','2024-10-14'),(71,'Airbus A320',268,'Airbus','Under Maintenance','2024-01-03'),(72,'Boeing 787',211,'Airbus','Under Maintenance','2024-10-23'),(73,'Airbus A320',368,'Boeing','Under Maintenance','2024-09-06'),(74,'Airbus A320',395,'Boeing','Under Maintenance','2024-01-19'),(75,'Boeing 737',358,'Airbus','Under Maintenance','2024-12-27'),(76,'Airbus A380',208,'Boeing','Under Maintenance','2024-01-24'),(77,'Airbus A320',142,'Boeing','Under Maintenance','2024-07-31'),(78,'Boeing 787',133,'Airbus','Under Maintenance','2024-10-10'),(79,'Boeing 737',212,'Boeing','Operational','2024-07-11'),(80,'Boeing 787',202,'Boeing','Under Maintenance','2024-12-24'),(81,'Airbus A320',315,'Airbus','Operational','2024-06-23'),(82,'Airbus A320',298,'Boeing','Operational','2024-03-27'),(83,'Airbus A320',334,'Airbus','Operational','2024-03-19'),(84,'Airbus A320',125,'Airbus','Operational','2024-11-28'),(85,'Airbus A320',130,'Airbus','Operational','2024-12-16'),(86,'Boeing 787',262,'Airbus','Operational','2024-12-01'),(87,'Boeing 737',240,'Boeing','Operational','2024-08-19'),(88,'Airbus A320',101,'Boeing','Under Maintenance','2024-07-31'),(89,'Boeing 787',380,'Airbus','Under Maintenance','2024-08-28'),(90,'Airbus A320',130,'Boeing','Operational','2024-07-31'),(91,'Boeing 737',160,'Airbus','Under Maintenance','2024-01-25'),(92,'Boeing 787',224,'Airbus','Under Maintenance','2024-06-28'),(93,'Airbus A380',272,'Boeing','Operational','2024-01-16'),(94,'Airbus A320',101,'Boeing','Under Maintenance','2024-05-04'),(95,'Boeing 737',217,'Airbus','Under Maintenance','2024-02-02'),(96,'Boeing 787',308,'Airbus','Operational','2024-04-30'),(97,'Boeing 787',153,'Airbus','Operational','2024-11-24'),(98,'Boeing 787',330,'Boeing','Operational','2024-07-13'),(99,'Airbus A380',240,'Boeing','Under Maintenance','2024-05-16'),(100,'Airbus A320',195,'Airbus','Under Maintenance','2024-05-10'),(101,'Boeing 438',320,'Boeing','Operational','2024-12-27');
/*!40000 ALTER TABLE `aircraft` ENABLE KEYS */;
UNLOCK TABLES;

--
-- Temporary view structure for view `aircraftmaintenancestatus`
--

DROP TABLE IF EXISTS `aircraftmaintenancestatus`;
/*!50001 DROP VIEW IF EXISTS `aircraftmaintenancestatus`*/;
SET @saved_cs_client     = @@character_set_client;
/*!50503 SET character_set_client = utf8mb4 */;
/*!50001 CREATE VIEW `aircraftmaintenancestatus` AS SELECT 
 1 AS `Aircraft_ID`,
 1 AS `Aircraft_Type`,
 1 AS `Manufacturer`,
 1 AS `Maintenance_Status`,
 1 AS `Maintenance_Type`,
 1 AS `Maintenance_Date`,
 1 AS `Next_Maintenance_Due`,
 1 AS `Technician_FirstName`,
 1 AS `Technician_LastName`*/;
SET character_set_client = @saved_cs_client;

--
-- Table structure for table `bookings`
--

DROP TABLE IF EXISTS `bookings`;
/*!40101 SET @saved_cs_client     = @@character_set_client */;
/*!50503 SET character_set_client = utf8mb4 */;
CREATE TABLE `bookings` (
  `Booking_ID` int NOT NULL AUTO_INCREMENT,
  `Flight_ID` int NOT NULL,
  `Customer_ID` int NOT NULL,
  `Seat_Class` enum('Economy','Business','First Class') DEFAULT NULL,
  `Seat_Number` varchar(5) DEFAULT NULL,
  `Booking_Date` datetime DEFAULT NULL,
  `Payment_Status` enum('Pending','Paid','Cancelled') DEFAULT NULL,
  `Total_Price` decimal(10,2) DEFAULT NULL,
  PRIMARY KEY (`Booking_ID`),
  KEY `Flight_ID` (`Flight_ID`),
  KEY `idx_bookings_customer_flight` (`Customer_ID`,`Flight_ID`),
  CONSTRAINT `bookings_ibfk_1` FOREIGN KEY (`Flight_ID`) REFERENCES `flights` (`Flight_ID`),
  CONSTRAINT `bookings_ibfk_2` FOREIGN KEY (`Customer_ID`) REFERENCES `customers` (`Customer_ID`)
) ENGINE=InnoDB AUTO_INCREMENT=251 DEFAULT CHARSET=utf8mb4 COLLATE=utf8mb4_0900_ai_ci;
/*!40101 SET character_set_client = @saved_cs_client */;

--
-- Dumping data for table `bookings`
--

LOCK TABLES `bookings` WRITE;
/*!40000 ALTER TABLE `bookings` DISABLE KEYS */;
INSERT INTO `bookings` VALUES (1,156,26,'Business','27F','2024-08-03 00:00:00','Paid',1235.22),(2,137,106,'Economy','28C','2024-05-31 00:00:00','Paid',1664.29),(3,239,83,'Business','5C','2024-09-22 00:00:00','Paid',466.14),(4,250,158,'Economy','11C','2024-02-16 00:00:00','Cancelled',1638.95),(5,178,97,'Business','6C','2024-03-14 00:00:00','Paid',213.20),(6,206,239,'Economy','16A','2024-07-24 00:00:00','Paid',187.57),(7,96,196,'Business','15D','2024-11-29 00:00:00','Paid',1751.89),(8,176,39,'First Class','19F','2024-11-05 00:00:00','Pending',1815.20),(9,190,146,'First Class','6C','2024-11-16 00:00:00','Pending',1534.27),(10,41,48,'Business','20C','2024-09-17 00:00:00','Pending',1859.41),(11,184,190,'Business','22F','2024-09-25 00:00:00','Cancelled',1014.06),(12,1,212,'Economy','4F','2024-09-03 00:00:00','Pending',917.33),(13,99,76,'Business','29C','2024-04-12 00:00:00','Paid',103.76),(14,18,178,'First Class','17C','2024-10-19 00:00:00','Cancelled',1883.72),(15,182,170,'Economy','1E','2024-08-21 00:00:00','Pending',710.87),(16,108,138,'First Class','8C','2024-05-05 00:00:00','Pending',1731.11),(17,13,19,'Business','18E','2024-10-19 00:00:00','Paid',357.97),(18,128,121,'First Class','14C','2024-06-16 00:00:00','Pending',1194.78),(19,222,136,'Business','16D','2024-08-17 00:00:00','Paid',472.06),(20,36,43,'Business','20F','2024-08-06 00:00:00','Cancelled',128.67),(21,50,115,'Business','16F','2024-04-15 00:00:00','Cancelled',387.09),(22,195,110,'Economy','17E','2024-04-30 00:00:00','Pending',1109.23),(23,44,171,'First Class','1C','2024-08-28 00:00:00','Pending',910.76),(24,137,72,'First Class','22B','2024-03-05 00:00:00','Pending',925.74),(25,130,46,'First Class','3B','2024-12-29 00:00:00','Paid',153.45),(26,154,241,'First Class','20A','2025-01-01 00:00:00','Pending',1595.40),(27,85,212,'First Class','10E','2024-10-23 00:00:00','Paid',1940.72),(28,189,31,'Business','21A','2024-07-17 00:00:00','Pending',350.43),(29,187,98,'Economy','13E','2024-05-02 00:00:00','Pending',449.97),(30,238,227,'First Class','27F','2024-01-15 00:00:00','Pending',1449.84),(31,77,49,'Business','18D','2024-05-28 00:00:00','Paid',649.60),(32,234,85,'First Class','11E','2024-05-05 00:00:00','Pending',1792.09),(33,196,12,'First Class','30F','2024-11-17 00:00:00','Cancelled',314.72),(34,13,211,'First Class','8E','2024-04-10 00:00:00','Cancelled',597.19),(35,28,23,'First Class','18B','2024-11-15 00:00:00','Pending',800.95),(36,196,60,'First Class','17B','2024-04-23 00:00:00','Paid',525.83),(37,57,180,'Economy','8A','2024-06-13 00:00:00','Paid',1108.82),(38,196,154,'Business','22B','2024-10-19 00:00:00','Paid',1212.51),(39,83,45,'First Class','19F','2024-05-18 00:00:00','Pending',1288.68),(40,103,142,'First Class','26E','2024-12-20 00:00:00','Pending',1285.05),(41,3,9,'Business','15E','2024-08-19 00:00:00','Paid',973.87),(42,154,10,'Business','28C','2024-04-25 00:00:00','Pending',489.83),(43,61,57,'Economy','14E','2024-04-27 00:00:00','Paid',327.06),(44,201,204,'First Class','21D','2024-09-20 00:00:00','Cancelled',1413.93),(45,128,60,'Economy','30E','2024-05-25 00:00:00','Pending',1566.84),(46,3,117,'Economy','7E','2024-04-17 00:00:00','Paid',1583.15),(47,119,134,'Business','29A','2024-12-06 00:00:00','Cancelled',1234.18),(48,22,38,'Economy','3D','2024-10-08 00:00:00','Cancelled',1800.93),(49,208,167,'Economy','20B','2024-07-30 00:00:00','Cancelled',778.79),(50,216,214,'First Class','16B','2024-08-14 00:00:00','Cancelled',721.72),(51,69,44,'Economy','3D','2024-07-17 00:00:00','Cancelled',1261.43),(52,155,97,'Economy','24F','2024-12-15 00:00:00','Cancelled',818.38),(53,170,45,'Business','20A','2024-06-19 00:00:00','Cancelled',431.81),(54,91,160,'Economy','4D','2024-01-28 00:00:00','Pending',346.91),(55,9,21,'Business','6E','2024-09-23 00:00:00','Paid',867.46),(56,75,174,'First Class','23D','2024-09-07 00:00:00','Pending',1272.09),(57,236,12,'First Class','5F','2024-03-03 00:00:00','Pending',1700.40),(58,47,150,'Economy','19F','2024-06-11 00:00:00','Paid',1579.55),(59,229,94,'Economy','15F','2024-01-31 00:00:00','Pending',1433.95),(60,47,35,'Business','4E','2024-03-01 00:00:00','Paid',1937.56),(61,78,59,'First Class','1B','2024-06-30 00:00:00','Pending',542.63),(62,82,14,'First Class','7A','2024-06-22 00:00:00','Cancelled',1045.76),(63,95,191,'Business','27F','2024-03-18 00:00:00','Cancelled',1978.66),(64,111,91,'Business','1B','2024-01-10 00:00:00','Pending',326.29),(65,105,48,'First Class','10E','2024-04-14 00:00:00','Paid',1070.73),(66,246,173,'Economy','20A','2024-10-22 00:00:00','Paid',563.77),(67,81,108,'Business','10E','2024-08-22 00:00:00','Paid',527.37),(68,48,163,'First Class','4C','2024-09-12 00:00:00','Cancelled',792.13),(69,212,227,'Business','21C','2024-04-30 00:00:00','Cancelled',1895.79),(70,89,180,'Business','10F','2024-06-01 00:00:00','Pending',1743.77),(71,12,44,'Economy','29B','2024-03-30 00:00:00','Pending',908.29),(72,43,46,'Economy','17D','2024-05-17 00:00:00','Paid',128.78),(73,174,241,'Economy','13B','2024-07-16 00:00:00','Paid',1494.29),(74,186,25,'Economy','30C','2024-06-14 00:00:00','Paid',266.69),(75,32,209,'First Class','2C','2024-07-07 00:00:00','Paid',583.24),(76,163,39,'First Class','18E','2024-05-03 00:00:00','Cancelled',1021.71),(77,9,69,'Economy','16C','2024-11-27 00:00:00','Paid',1493.45),(78,237,71,'First Class','23E','2024-12-05 00:00:00','Pending',1985.21),(79,227,231,'Business','10C','2024-09-23 00:00:00','Pending',1306.99),(80,65,221,'Business','15D','2024-02-09 00:00:00','Cancelled',824.30),(81,53,93,'First Class','21F','2024-10-06 00:00:00','Pending',1283.91),(82,158,64,'Business','16D','2024-03-13 00:00:00','Pending',963.53),(83,217,171,'First Class','5E','2024-11-23 00:00:00','Paid',1827.95),(84,33,142,'Economy','29A','2024-01-30 00:00:00','Pending',653.08),(85,140,237,'Economy','24D','2024-07-13 00:00:00','Cancelled',638.91),(86,130,142,'Economy','12A','2024-03-25 00:00:00','Pending',234.72),(87,95,177,'Business','16A','2024-01-02 00:00:00','Pending',129.40),(88,236,20,'Business','6F','2024-06-22 00:00:00','Paid',489.15),(89,215,171,'Business','13F','2024-04-24 00:00:00','Pending',1737.47),(90,243,172,'Business','30D','2024-08-13 00:00:00','Paid',1968.58),(91,26,183,'First Class','25A','2024-02-28 00:00:00','Cancelled',949.97),(92,145,78,'Economy','10E','2024-07-23 00:00:00','Pending',179.72),(93,22,219,'Business','14F','2024-11-26 00:00:00','Pending',780.38),(94,198,121,'Economy','29A','2024-01-08 00:00:00','Cancelled',816.41),(95,61,244,'Economy','24B','2024-02-08 00:00:00','Paid',350.25),(96,22,206,'Economy','5A','2024-05-17 00:00:00','Cancelled',1832.45),(97,4,98,'Business','27C','2024-08-24 00:00:00','Pending',1456.61),(98,199,175,'First Class','12C','2024-09-10 00:00:00','Paid',1448.64),(99,69,14,'First Class','18D','2024-05-13 00:00:00','Paid',1148.64),(100,81,130,'Economy','29D','2024-03-05 00:00:00','Pending',1218.10),(101,163,113,'Economy','7D','2024-10-25 00:00:00','Pending',1696.73),(102,120,215,'Economy','30E','2024-01-19 00:00:00','Paid',1456.10),(103,25,159,'Economy','1D','2024-01-18 00:00:00','Cancelled',942.33),(104,20,171,'First Class','1B','2024-01-28 00:00:00','Cancelled',328.58),(105,59,188,'First Class','25A','2024-03-01 00:00:00','Pending',999.98),(106,98,107,'Economy','8C','2024-07-03 00:00:00','Cancelled',1349.78),(107,52,203,'Economy','22C','2024-05-10 00:00:00','Pending',1404.20),(108,131,202,'Business','15A','2024-08-27 00:00:00','Pending',697.27),(109,21,235,'Business','20F','2024-04-10 00:00:00','Cancelled',1435.73),(110,44,134,'Economy','24E','2024-07-26 00:00:00','Pending',1911.75),(111,180,175,'Business','23D','2024-12-13 00:00:00','Pending',1448.83),(112,186,104,'First Class','13B','2024-05-12 00:00:00','Paid',680.22),(113,219,246,'Business','4C','2024-04-22 00:00:00','Cancelled',781.01),(114,77,85,'First Class','3F','2024-06-29 00:00:00','Pending',850.75),(115,86,225,'First Class','16A','2024-05-13 00:00:00','Paid',465.16),(116,179,234,'Business','5F','2024-07-13 00:00:00','Pending',422.98),(117,34,74,'Business','7E','2024-09-26 00:00:00','Pending',1200.44),(118,24,7,'First Class','6F','2024-10-04 00:00:00','Pending',1401.28),(119,222,230,'First Class','11F','2024-05-30 00:00:00','Cancelled',1236.53),(120,137,19,'Business','3A','2024-08-03 00:00:00','Pending',1137.45),(121,55,57,'Business','19D','2024-03-28 00:00:00','Paid',1488.48),(122,169,108,'Business','1D','2024-07-10 00:00:00','Paid',1907.95),(123,72,228,'Business','26F','2024-05-30 00:00:00','Pending',106.41),(124,146,116,'First Class','5D','2024-02-23 00:00:00','Paid',424.07),(125,152,131,'Economy','20C','2024-01-23 00:00:00','Paid',1439.85),(126,237,185,'Business','9F','2024-03-19 00:00:00','Paid',597.52),(127,88,65,'Economy','3F','2024-08-27 00:00:00','Paid',114.40),(128,35,29,'First Class','20E','2024-10-30 00:00:00','Cancelled',1026.82),(129,135,39,'Economy','22A','2024-05-30 00:00:00','Paid',218.62),(130,1,95,'Economy','27E','2024-08-28 00:00:00','Pending',708.17),(131,220,208,'Business','2F','2024-04-05 00:00:00','Cancelled',1541.87),(132,65,129,'Economy','5E','2024-05-16 00:00:00','Pending',182.64),(133,127,210,'Economy','26C','2024-11-28 00:00:00','Cancelled',985.47),(134,203,192,'Economy','18B','2024-02-17 00:00:00','Paid',1740.65),(135,95,60,'First Class','3D','2024-01-26 00:00:00','Pending',632.19),(136,121,165,'First Class','9D','2024-11-06 00:00:00','Pending',1542.52),(137,209,203,'First Class','13A','2024-08-01 00:00:00','Pending',1426.02),(138,74,17,'Economy','19B','2024-06-07 00:00:00','Pending',737.52),(139,202,182,'Economy','25A','2024-09-30 00:00:00','Cancelled',1462.72),(140,59,206,'First Class','6B','2024-04-16 00:00:00','Cancelled',1872.23),(141,113,46,'Business','19C','2024-12-21 00:00:00','Paid',507.77),(142,149,224,'Business','7D','2024-09-25 00:00:00','Cancelled',594.47),(143,63,25,'First Class','16C','2024-02-08 00:00:00','Cancelled',586.91),(144,142,175,'Economy','3B','2024-07-21 00:00:00','Pending',1110.95),(145,164,81,'Economy','22C','2024-12-09 00:00:00','Pending',908.07),(146,247,223,'Economy','22D','2024-08-23 00:00:00','Paid',1871.74),(147,145,9,'Business','18F','2024-05-09 00:00:00','Paid',237.19),(148,101,226,'Economy','13B','2024-08-18 00:00:00','Paid',1080.72),(149,249,26,'Business','4C','2024-10-28 00:00:00','Cancelled',111.88),(150,15,18,'Business','20A','2024-09-20 00:00:00','Cancelled',328.06),(151,78,121,'Business','29D','2024-08-18 00:00:00','Pending',1337.03),(152,105,131,'First Class','10E','2024-03-17 00:00:00','Pending',592.17),(153,249,159,'Economy','1E','2024-01-27 00:00:00','Cancelled',1911.38),(154,198,103,'Business','8F','2024-09-12 00:00:00','Pending',1892.08),(155,138,130,'First Class','5F','2024-10-07 00:00:00','Paid',164.62),(156,108,197,'Economy','10F','2024-08-07 00:00:00','Pending',1762.26),(157,15,183,'Business','14E','2024-12-25 00:00:00','Pending',653.27),(158,196,155,'First Class','8B','2024-06-21 00:00:00','Paid',961.82),(159,202,11,'Economy','14E','2024-12-30 00:00:00','Cancelled',897.47),(160,142,221,'Business','17B','2024-07-25 00:00:00','Paid',1423.73),(161,136,11,'Business','27B','2024-11-30 00:00:00','Paid',1741.82),(162,250,41,'Business','25F','2024-01-03 00:00:00','Cancelled',207.88),(163,207,26,'Economy','14F','2024-09-21 00:00:00','Pending',550.33),(164,18,85,'First Class','19B','2024-07-27 00:00:00','Cancelled',706.55),(165,163,203,'First Class','30E','2024-07-10 00:00:00','Paid',668.97),(166,228,157,'Business','25F','2024-11-04 00:00:00','Paid',1606.56),(167,141,110,'Economy','9D','2024-03-21 00:00:00','Cancelled',570.38),(168,157,125,'First Class','18B','2024-09-08 00:00:00','Paid',647.66),(169,138,77,'Economy','23A','2024-12-16 00:00:00','Paid',1034.83),(170,165,205,'Business','5C','2024-06-22 00:00:00','Pending',352.99),(171,198,128,'Economy','11C','2024-11-05 00:00:00','Pending',1030.85),(172,51,160,'Business','27E','2024-06-15 00:00:00','Pending',907.51),(173,25,47,'First Class','10F','2024-02-22 00:00:00','Paid',677.30),(174,200,149,'Business','4B','2024-07-29 00:00:00','Paid',835.06),(175,199,36,'Business','10E','2024-09-05 00:00:00','Cancelled',1714.30),(176,195,12,'First Class','7F','2024-02-16 00:00:00','Paid',1763.33),(177,13,191,'Economy','3E','2024-03-10 00:00:00','Pending',1972.86),(178,54,127,'First Class','1A','2024-10-11 00:00:00','Cancelled',1614.06),(179,97,20,'Business','4D','2024-04-18 00:00:00','Cancelled',1714.32),(180,128,175,'Economy','6F','2024-08-27 00:00:00','Pending',218.03),(181,243,117,'Economy','6A','2024-11-05 00:00:00','Cancelled',1515.12),(182,91,86,'Economy','18D','2024-11-15 00:00:00','Paid',605.49),(183,131,143,'Economy','19E','2024-08-13 00:00:00','Paid',1266.20),(184,25,78,'First Class','21C','2024-08-20 00:00:00','Paid',668.20),(185,68,85,'Business','1A','2024-08-17 00:00:00','Paid',894.51),(186,58,76,'First Class','10D','2024-07-01 00:00:00','Cancelled',866.61),(187,106,64,'Economy','6F','2024-07-26 00:00:00','Pending',319.83),(188,62,28,'Business','4A','2024-04-15 00:00:00','Paid',590.63),(189,14,74,'First Class','5E','2024-10-02 00:00:00','Cancelled',717.90),(190,196,98,'Business','7B','2024-11-10 00:00:00','Paid',1277.46),(191,88,110,'Economy','19D','2024-10-04 00:00:00','Cancelled',1353.84),(192,29,79,'Business','14D','2024-09-07 00:00:00','Paid',1392.61),(193,245,192,'Economy','22C','2024-06-23 00:00:00','Paid',1554.46),(194,166,208,'First Class','20E','2024-07-12 00:00:00','Cancelled',716.38),(195,52,5,'Economy','23D','2024-02-17 00:00:00','Pending',733.61),(196,11,164,'Business','2E','2024-06-13 00:00:00','Pending',1691.39),(197,82,124,'Economy','12A','2024-07-09 00:00:00','Cancelled',401.83),(198,185,58,'First Class','23B','2024-05-23 00:00:00','Cancelled',1091.28),(199,88,222,'First Class','5A','2024-09-05 00:00:00','Paid',1230.11),(200,213,140,'Business','1E','2024-06-16 00:00:00','Paid',357.46),(201,82,206,'Business','14C','2024-07-01 00:00:00','Cancelled',1164.38),(202,114,160,'Business','27B','2024-08-20 00:00:00','Cancelled',707.94),(203,233,154,'Economy','17E','2024-03-02 00:00:00','Paid',332.51),(204,226,175,'Business','29E','2024-05-02 00:00:00','Paid',176.42),(205,144,230,'First Class','16E','2024-06-18 00:00:00','Cancelled',398.58),(206,191,152,'Business','17B','2024-02-02 00:00:00','Paid',1146.87),(207,81,111,'First Class','30C','2024-02-02 00:00:00','Cancelled',552.05),(208,135,76,'First Class','18A','2024-07-26 00:00:00','Paid',1320.33),(209,97,152,'Economy','23D','2024-01-19 00:00:00','Paid',941.25),(210,164,246,'Economy','14B','2024-01-03 00:00:00','Cancelled',1954.90),(211,80,206,'First Class','15E','2024-12-16 00:00:00','Pending',1639.87),(212,128,141,'First Class','13B','2024-03-03 00:00:00','Cancelled',938.27),(213,104,234,'Business','24D','2024-11-03 00:00:00','Paid',1128.18),(214,171,48,'Economy','9E','2024-07-15 00:00:00','Paid',1926.76),(215,202,94,'Economy','26E','2024-07-06 00:00:00','Cancelled',1491.80),(216,59,197,'Business','23C','2024-04-29 00:00:00','Pending',859.99),(217,236,14,'Business','9D','2024-06-27 00:00:00','Cancelled',763.10),(218,223,137,'Business','24F','2024-12-13 00:00:00','Paid',690.94),(219,115,53,'First Class','30F','2024-02-29 00:00:00','Paid',1894.98),(220,180,104,'Business','27F','2024-07-31 00:00:00','Paid',1266.81),(221,208,168,'Business','23D','2024-10-24 00:00:00','Paid',1705.71),(222,63,220,'Business','9A','2024-01-09 00:00:00','Cancelled',401.43),(223,141,194,'Economy','27A','2024-07-19 00:00:00','Paid',437.94),(224,28,185,'Economy','1B','2024-11-15 00:00:00','Pending',1630.25),(225,143,76,'Business','12F','2024-12-01 00:00:00','Pending',234.72),(226,215,60,'Economy','6D','2024-09-15 00:00:00','Paid',1189.30),(227,4,66,'First Class','16F','2024-08-15 00:00:00','Paid',981.06),(228,4,222,'First Class','23C','2024-11-29 00:00:00','Cancelled',1927.46),(229,89,86,'Economy','22A','2024-01-01 00:00:00','Pending',494.55),(230,214,148,'Business','24E','2024-04-05 00:00:00','Pending',947.18),(231,222,127,'Economy','12C','2024-11-17 00:00:00','Pending',1928.34),(232,66,123,'Business','21F','2024-06-21 00:00:00','Cancelled',244.95),(233,28,111,'First Class','19B','2024-12-23 00:00:00','Pending',1431.71),(234,119,225,'Economy','24D','2024-09-09 00:00:00','Paid',527.22),(235,189,59,'Economy','7F','2024-08-30 00:00:00','Cancelled',320.29),(236,13,60,'Economy','1E','2024-02-12 00:00:00','Cancelled',405.49),(237,9,70,'Business','30D','2024-06-24 00:00:00','Pending',1132.01),(238,59,84,'Business','28B','2024-10-19 00:00:00','Paid',1033.75),(239,74,196,'Business','26F','2024-04-10 00:00:00','Cancelled',1190.76),(240,147,183,'First Class','21C','2024-09-11 00:00:00','Paid',767.83),(241,134,127,'First Class','11E','2024-08-14 00:00:00','Paid',1958.55),(242,190,185,'Economy','29A','2024-11-05 00:00:00','Cancelled',944.05),(243,117,82,'Business','12D','2024-08-31 00:00:00','Pending',1683.12),(244,152,213,'First Class','22C','2024-03-01 00:00:00','Paid',1791.11),(245,155,118,'Economy','29A','2024-01-22 00:00:00','Pending',104.45),(246,52,239,'Economy','23B','2024-11-08 00:00:00','Paid',1784.37),(247,50,10,'Economy','23C','2024-10-10 00:00:00','Paid',1887.02),(248,83,222,'Business','5C','2024-07-14 00:00:00','Paid',536.61),(249,233,112,'First Class','19E','2024-12-09 00:00:00','Cancelled',730.06),(250,54,236,'Economy','4B','2024-07-26 00:00:00','Cancelled',1029.99);
/*!40000 ALTER TABLE `bookings` ENABLE KEYS */;
UNLOCK TABLES;

--
-- Table structure for table `customers`
--

DROP TABLE IF EXISTS `customers`;
/*!40101 SET @saved_cs_client     = @@character_set_client */;
/*!50503 SET character_set_client = utf8mb4 */;
CREATE TABLE `customers` (
  `Customer_ID` int NOT NULL AUTO_INCREMENT,
  `First_Name` varchar(50) NOT NULL,
  `Last_Name` varchar(50) NOT NULL,
  `Email` varchar(100) NOT NULL,
  `Contact_Number` varchar(15) DEFAULT NULL,
  `Address` text,
  `Passport_Number` varchar(20) NOT NULL,
  PRIMARY KEY (`Customer_ID`),
  UNIQUE KEY `Email` (`Email`),
  UNIQUE KEY `Passport_Number` (`Passport_Number`)
) ENGINE=InnoDB AUTO_INCREMENT=253 DEFAULT CHARSET=utf8mb4 COLLATE=utf8mb4_0900_ai_ci;
/*!40101 SET character_set_client = @saved_cs_client */;

--
-- Dumping data for table `customers`
--

LOCK TABLES `customers` WRITE;
/*!40000 ALTER TABLE `customers` DISABLE KEYS */;
INSERT INTO `customers` VALUES (1,'Alex','Smith','user1@email.com','12651277107','New York, NY','P3076819'),(2,'Olivia','Miller','user2@email.com','14581365023','Los Angeles, CA','P3708842'),(3,'John','Brown','user3@email.com','12705395385','Los Angeles, CA','P7533900'),(4,'Olivia','Brown','user4@email.com','11652533374','New York, NY','P9317718'),(5,'Alex','Johnson','user5@email.com','16272141881','Chicago, IL','P4456811'),(6,'Emma','Davis','user6@email.com','11697855012','Los Angeles, CA','P3361984'),(7,'John','Miller','user7@email.com','11406139384','Los Angeles, CA','P6955234'),(8,'Alex','Brown','user8@email.com','13360336757','Dallas, TX','P3931621'),(9,'Emma','Wilson','user9@email.com','18446367257','New York, NY','P5788599'),(10,'Jane','Davis','user10@email.com','17117569295','Los Angeles, CA','P7654157'),(11,'Jane','Miller','user11@email.com','19362962945','Chicago, IL','P2343512'),(12,'Olivia','Smith','user12@email.com','16571393378','Los Angeles, CA','P5485602'),(13,'Olivia','Davis','user13@email.com','11084881755','Chicago, IL','P9780886'),(14,'Chris','Wilson','user14@email.com','11969415954','Los Angeles, CA','P5884029'),(15,'Alex','Wilson','user15@email.com','11427621033','Dallas, TX','P6811897'),(16,'Jane','Davis','user16@email.com','14275081287','New York, NY','P2630778'),(17,'Chris','Wilson','user17@email.com','13308635912','Dallas, TX','P2898859'),(18,'Chris','Smith','user18@email.com','14728131799','Dallas, TX','P6376836'),(19,'Jane','Smith','user19@email.com','11466559539','Los Angeles, CA','P5141208'),(20,'John','Miller','user20@email.com','15035379589','Chicago, IL','P2664752'),(21,'Emma','Davis','user21@email.com','11224909837','New York, NY','P4161501'),(22,'Chris','Miller','user22@email.com','19797515492','Los Angeles, CA','P4011781'),(23,'Chris','Wilson','user23@email.com','19046715107','Los Angeles, CA','P7804778'),(24,'John','Johnson','user24@email.com','16499894376','Los Angeles, CA','P5189355'),(25,'Emma','Davis','user25@email.com','15491786847','New York, NY','P8969749'),(26,'Alex','Brown','user26@email.com','13255940696','Chicago, IL','P5779443'),(27,'Alex','Brown','user27@email.com','13984459245','Dallas, TX','P3654611'),(28,'Jane','Brown','user28@email.com','12279890451','Chicago, IL','P6731653'),(29,'John','Davis','user29@email.com','13145789773','Chicago, IL','P4884913'),(30,'Jane','Miller','user30@email.com','14518915887','Chicago, IL','P6583476'),(31,'Olivia','Miller','user31@email.com','16515397996','Dallas, TX','P5573506'),(32,'Emma','Brown','user32@email.com','16500911728','Chicago, IL','P6380509'),(33,'Chris','Miller','user33@email.com','16029684811','Chicago, IL','P5997808'),(34,'John','Brown','user34@email.com','13790571304','Los Angeles, CA','P6847096'),(35,'Olivia','Davis','user35@email.com','18054909068','Chicago, IL','P1417200'),(36,'Olivia','Smith','user36@email.com','12874335604','Chicago, IL','P5974101'),(37,'John','Davis','user37@email.com','15653616252','Dallas, TX','P8914873'),(38,'John','Smith','user38@email.com','18922576682','Dallas, TX','P7896395'),(39,'Emma','Wilson','user39@email.com','19677390550','Dallas, TX','P7893039'),(40,'Alex','Brown','user40@email.com','17776470445','New York, NY','P6601580'),(41,'Olivia','Johnson','user41@email.com','11095375351','Chicago, IL','P2200936'),(42,'Emma','Brown','user42@email.com','18033239627','New York, NY','P2825410'),(43,'Jane','Miller','user43@email.com','17837275111','Los Angeles, CA','P5846159'),(44,'Jane','Johnson','user44@email.com','18654400321','Chicago, IL','P9490819'),(45,'John','Brown','user45@email.com','15823756505','Dallas, TX','P6326298'),(46,'Emma','Wilson','user46@email.com','19172092042','Dallas, TX','P2401511'),(47,'Chris','Johnson','user47@email.com','17622269271','New York, NY','P7420315'),(48,'Alex','Davis','user48@email.com','11859299530','Los Angeles, CA','P1951318'),(49,'Emma','Brown','user49@email.com','19058627644','Los Angeles, CA','P4316885'),(50,'Olivia','Wilson','user50@email.com','16205708549','Chicago, IL','P7273091'),(51,'Alex','Johnson','user51@email.com','16630462296','New York, NY','P3726593'),(52,'Alex','Brown','user52@email.com','16667909688','New York, NY','P3171281'),(53,'Jane','Davis','user53@email.com','17022190557','Los Angeles, CA','P8240000'),(54,'Olivia','Johnson','user54@email.com','17809887824','Chicago, IL','P9279767'),(55,'Chris','Brown','user55@email.com','17438839293','Chicago, IL','P6679764'),(56,'Chris','Brown','user56@email.com','15676539709','Dallas, TX','P8122204'),(57,'John','Davis','user57@email.com','14224108840','Chicago, IL','P2173089'),(58,'Alex','Brown','user58@email.com','17445918951','Dallas, TX','P8703879'),(59,'Chris','Smith','user59@email.com','16900678558','Chicago, IL','P1760682'),(60,'Alex','Wilson','user60@email.com','14925621100','Dallas, TX','P6701963'),(61,'John','Miller','user61@email.com','16068198961','New York, NY','P1360655'),(62,'Emma','Wilson','user62@email.com','13149104811','Dallas, TX','P9489295'),(63,'Chris','Johnson','user63@email.com','15298667240','Chicago, IL','P1293600'),(64,'Jane','Wilson','user64@email.com','13876167709','Dallas, TX','P5681153'),(65,'Emma','Johnson','user65@email.com','16429055280','Dallas, TX','P9983068'),(66,'Alex','Smith','user66@email.com','16286284260','Los Angeles, CA','P5444827'),(67,'Olivia','Johnson','user67@email.com','15935474811','Dallas, TX','P5613007'),(68,'Chris','Miller','user68@email.com','14372008944','Los Angeles, CA','P2850026'),(69,'John','Johnson','user69@email.com','11698025950','Los Angeles, CA','P3967582'),(70,'Olivia','Johnson','user70@email.com','18900510938','Los Angeles, CA','P7104072'),(71,'Jane','Davis','user71@email.com','14754123808','Dallas, TX','P7125966'),(72,'Emma','Miller','user72@email.com','11091235432','Dallas, TX','P7960100'),(73,'Chris','Smith','user73@email.com','19467905952','New York, NY','P8160243'),(74,'Emma','Davis','user74@email.com','11917235753','Los Angeles, CA','P7061084'),(75,'Emma','Davis','user75@email.com','16487834748','Dallas, TX','P6887144'),(76,'John','Davis','user76@email.com','13204368195','Dallas, TX','P2377852'),(77,'Emma','Smith','user77@email.com','15163307532','Chicago, IL','P2469558'),(78,'Olivia','Johnson','user78@email.com','19533451062','Chicago, IL','P3460498'),(79,'Emma','Davis','user79@email.com','17284288333','Chicago, IL','P2541491'),(80,'John','Davis','user80@email.com','17141629882','Los Angeles, CA','P7065131'),(81,'Emma','Smith','user81@email.com','17736289487','Los Angeles, CA','P3499055'),(82,'Olivia','Brown','user82@email.com','19102449478','Los Angeles, CA','P8490747'),(83,'Jane','Brown','user83@email.com','17903333359','Los Angeles, CA','P2227405'),(84,'Jane','Davis','user84@email.com','15565732065','Chicago, IL','P8867561'),(85,'Emma','Wilson','user85@email.com','11951969883','Dallas, TX','P9400129'),(86,'Chris','Brown','user86@email.com','13522644273','Dallas, TX','P9068768'),(87,'Jane','Brown','user87@email.com','16813680531','Dallas, TX','P4961024'),(88,'Chris','Miller','user88@email.com','15536134024','Dallas, TX','P7456447'),(89,'Olivia','Johnson','user89@email.com','17160626720','Dallas, TX','P2428215'),(90,'Jane','Miller','user90@email.com','19803606931','Los Angeles, CA','P1240242'),(91,'John','Johnson','user91@email.com','14793501836','Dallas, TX','P8717715'),(92,'Chris','Davis','user92@email.com','15818032165','Chicago, IL','P1920529'),(93,'Chris','Brown','user93@email.com','17816292388','Chicago, IL','P2514859'),(94,'Alex','Miller','user94@email.com','14286119320','Los Angeles, CA','P4284652'),(95,'Emma','Brown','user95@email.com','16826048099','New York, NY','P3185713'),(96,'Jane','Johnson','user96@email.com','13118000187','Dallas, TX','P2294620'),(97,'Emma','Brown','user97@email.com','14875638640','Dallas, TX','P7477869'),(98,'Emma','Miller','user98@email.com','13127622195','Dallas, TX','P9083767'),(99,'Chris','Davis','user99@email.com','15686452425','Chicago, IL','P4424077'),(100,'Olivia','Brown','user100@email.com','17815052753','Chicago, IL','P7429733'),(101,'John','Miller','user101@email.com','18043527477','New York, NY','P4908179'),(102,'Emma','Brown','user102@email.com','19739537197','New York, NY','P9965562'),(103,'Jane','Davis','user103@email.com','17300432530','Los Angeles, CA','P7020458'),(104,'Alex','Brown','user104@email.com','19080534177','New York, NY','P6953749'),(105,'Emma','Davis','user105@email.com','13354005961','Chicago, IL','P8582485'),(106,'Jane','Johnson','user106@email.com','16623234301','Chicago, IL','P6244250'),(107,'Chris','Miller','user107@email.com','12691753731','Los Angeles, CA','P4652243'),(108,'John','Miller','user108@email.com','18861164749','Chicago, IL','P3265882'),(109,'Emma','Smith','user109@email.com','15546902415','New York, NY','P7841566'),(110,'Jane','Brown','user110@email.com','14529761805','Dallas, TX','P6430074'),(111,'Olivia','Wilson','user111@email.com','18752270614','Dallas, TX','P7981593'),(112,'Jane','Miller','user112@email.com','17300737833','Chicago, IL','P8720693'),(113,'Alex','Brown','user113@email.com','16831436779','New York, NY','P6999716'),(114,'Chris','Miller','user114@email.com','14092844748','New York, NY','P5109967'),(115,'John','Brown','user115@email.com','13560013278','Chicago, IL','P3403347'),(116,'Chris','Johnson','user116@email.com','18624682186','Los Angeles, CA','P1825590'),(117,'Jane','Miller','user117@email.com','14489474886','Chicago, IL','P2923903'),(118,'Olivia','Wilson','user118@email.com','16910377593','Chicago, IL','P3428402'),(119,'Alex','Brown','user119@email.com','18820564793','New York, NY','P8817389'),(120,'John','Johnson','user120@email.com','19493709914','New York, NY','P7511081'),(121,'John','Wilson','user121@email.com','13990075924','Chicago, IL','P3825802'),(122,'Alex','Johnson','user122@email.com','15461623998','Chicago, IL','P1673405'),(123,'Alex','Johnson','user123@email.com','12909530141','Los Angeles, CA','P7151922'),(124,'Chris','Miller','user124@email.com','14926808367','Dallas, TX','P5689177'),(125,'Jane','Brown','user125@email.com','14881063146','New York, NY','P1751657'),(126,'Emma','Wilson','user126@email.com','19374713895','Los Angeles, CA','P3721130'),(127,'Chris','Smith','user127@email.com','16441241899','Los Angeles, CA','P2338740'),(128,'Olivia','Johnson','user128@email.com','12503959195','Dallas, TX','P9835677'),(129,'Jane','Smith','user129@email.com','17718625521','New York, NY','P3951319'),(130,'Alex','Wilson','user130@email.com','17548792015','Dallas, TX','P7006975'),(131,'Jane','Smith','user131@email.com','13568516995','Dallas, TX','P2498151'),(132,'Chris','Wilson','user132@email.com','18176726995','Chicago, IL','P9626056'),(133,'Alex','Davis','user133@email.com','16580655969','New York, NY','P3023439'),(134,'Alex','Brown','user134@email.com','12838665926','New York, NY','P7380041'),(135,'Olivia','Miller','user135@email.com','14311116317','Dallas, TX','P9294504'),(136,'Chris','Miller','user136@email.com','18316967017','Chicago, IL','P7522853'),(137,'Jane','Wilson','user137@email.com','17228655015','New York, NY','P6245584'),(138,'John','Smith','user138@email.com','13023802610','Dallas, TX','P5444139'),(139,'Jane','Brown','user139@email.com','15592669355','New York, NY','P2313224'),(140,'Alex','Brown','user140@email.com','13559322660','Chicago, IL','P2578609'),(141,'Olivia','Smith','user141@email.com','19581009112','New York, NY','P1250764'),(142,'Emma','Smith','user142@email.com','12089155890','New York, NY','P7479083'),(143,'Olivia','Miller','user143@email.com','18102906897','Los Angeles, CA','P8091767'),(144,'Jane','Smith','user144@email.com','18047922945','Los Angeles, CA','P7195483'),(145,'Alex','Johnson','user145@email.com','19139221412','Chicago, IL','P4191617'),(146,'Jane','Davis','user146@email.com','14909674750','Dallas, TX','P9178204'),(147,'Chris','Smith','user147@email.com','19561523542','Chicago, IL','P2816822'),(148,'Alex','Miller','user148@email.com','13198415056','Los Angeles, CA','P8340132'),(149,'Olivia','Johnson','user149@email.com','15192157370','New York, NY','P1087560'),(150,'John','Johnson','user150@email.com','18283395533','Chicago, IL','P9835968'),(151,'Jane','Johnson','user151@email.com','17200748872','Chicago, IL','P2035327'),(152,'Olivia','Brown','user152@email.com','11681153633','Chicago, IL','P7046601'),(153,'Chris','Wilson','user153@email.com','19009149713','Los Angeles, CA','P8441911'),(154,'Jane','Smith','user154@email.com','12964025936','Dallas, TX','P6769545'),(155,'Jane','Smith','user155@email.com','18809025256','Dallas, TX','P2987783'),(156,'John','Johnson','user156@email.com','13353734739','Chicago, IL','P2794633'),(157,'John','Johnson','user157@email.com','12456032535','Chicago, IL','P1558786'),(158,'Olivia','Miller','user158@email.com','16669336109','New York, NY','P1148971'),(159,'Chris','Johnson','user159@email.com','13455012166','Chicago, IL','P3095650'),(160,'John','Miller','user160@email.com','14787007331','Dallas, TX','P9527607'),(161,'Chris','Wilson','user161@email.com','15282778459','Chicago, IL','P1687824'),(162,'Olivia','Smith','user162@email.com','11947101349','Los Angeles, CA','P8425970'),(163,'Chris','Wilson','user163@email.com','16971096913','Dallas, TX','P9914078'),(164,'Olivia','Smith','user164@email.com','12049189834','Chicago, IL','P5053194'),(165,'Chris','Wilson','user165@email.com','13493003942','Chicago, IL','P8169392'),(166,'Jane','Brown','user166@email.com','11462927524','Dallas, TX','P7679850'),(167,'Chris','Wilson','user167@email.com','18040016108','Chicago, IL','P5277314'),(168,'Emma','Johnson','user168@email.com','14993500944','Los Angeles, CA','P6950681'),(169,'Jane','Johnson','user169@email.com','15200802968','Dallas, TX','P7444005'),(170,'Alex','Brown','user170@email.com','16469011285','Los Angeles, CA','P7154011'),(171,'Chris','Davis','user171@email.com','12092775408','New York, NY','P3729527'),(172,'Jane','Wilson','user172@email.com','16407241577','New York, NY','P9128725'),(173,'John','Johnson','user173@email.com','18544807413','Dallas, TX','P2200418'),(174,'Jane','Johnson','user174@email.com','12142041336','New York, NY','P9032859'),(175,'Alex','Wilson','user175@email.com','19734991680','Los Angeles, CA','P6584853'),(176,'Olivia','Johnson','user176@email.com','19492901563','Los Angeles, CA','P1879779'),(177,'Alex','Davis','user177@email.com','19550108089','Los Angeles, CA','P5097345'),(178,'Alex','Brown','user178@email.com','14888295729','Chicago, IL','P6490234'),(179,'Jane','Brown','user179@email.com','11503718059','Los Angeles, CA','P1924611'),(180,'Jane','Brown','user180@email.com','11139034606','Dallas, TX','P6475065'),(181,'Alex','Johnson','user181@email.com','11330623254','Los Angeles, CA','P3254451'),(182,'Jane','Brown','user182@email.com','14652942396','Chicago, IL','P6989152'),(183,'Emma','Smith','user183@email.com','14438763470','New York, NY','P6646187'),(184,'Jane','Johnson','user184@email.com','12559478333','Dallas, TX','P6697498'),(185,'Olivia','Smith','user185@email.com','12209474692','Dallas, TX','P3912799'),(186,'Chris','Davis','user186@email.com','18466125617','Los Angeles, CA','P9768071'),(187,'Chris','Johnson','user187@email.com','17163489016','New York, NY','P6883934'),(188,'John','Miller','user188@email.com','11594117356','Dallas, TX','P8152572'),(189,'John','Brown','user189@email.com','13180352004','New York, NY','P3989874'),(190,'Emma','Wilson','user190@email.com','15053456578','Los Angeles, CA','P4690204'),(191,'Olivia','Davis','user191@email.com','19586811184','New York, NY','P4639627'),(192,'Chris','Johnson','user192@email.com','16082366697','Dallas, TX','P5194271'),(193,'Jane','Smith','user193@email.com','14627658600','Los Angeles, CA','P6455417'),(194,'Jane','Smith','user194@email.com','16949569130','Dallas, TX','P3610396'),(195,'Olivia','Smith','user195@email.com','19926572793','Dallas, TX','P8002894'),(196,'Jane','Johnson','user196@email.com','16742053490','New York, NY','P7976293'),(197,'Alex','Davis','user197@email.com','14108979177','Los Angeles, CA','P1556904'),(198,'Emma','Miller','user198@email.com','17976198714','New York, NY','P5103579'),(199,'Chris','Brown','user199@email.com','15460640398','Chicago, IL','P5779878'),(200,'Alex','Miller','user200@email.com','12410115719','Chicago, IL','P1755146'),(201,'John','Wilson','user201@email.com','13784704000','Dallas, TX','P6909030'),(202,'Olivia','Wilson','user202@email.com','17768137967','Chicago, IL','P8477070'),(203,'Olivia','Brown','user203@email.com','12502728396','Los Angeles, CA','P2670354'),(204,'Jane','Wilson','user204@email.com','14583785408','Los Angeles, CA','P1974159'),(205,'Emma','Davis','user205@email.com','17460054743','Chicago, IL','P3661695'),(206,'Emma','Smith','user206@email.com','17130968350','Los Angeles, CA','P5884919'),(207,'Jane','Brown','user207@email.com','11345700580','New York, NY','P1878660'),(208,'Jane','Johnson','user208@email.com','19381070436','New York, NY','P4545361'),(209,'Chris','Miller','user209@email.com','11915694204','New York, NY','P4212714'),(210,'Chris','Davis','user210@email.com','13723518727','Chicago, IL','P2280900'),(211,'Olivia','Johnson','user211@email.com','14229248882','New York, NY','P9126002'),(212,'Chris','Miller','user212@email.com','12345034370','Dallas, TX','P6224789'),(213,'Olivia','Miller','user213@email.com','17992271065','New York, NY','P5771362'),(214,'Chris','Smith','user214@email.com','17206609972','Chicago, IL','P6487052'),(215,'Chris','Johnson','user215@email.com','11338787898','Los Angeles, CA','P6031371'),(216,'Emma','Miller','user216@email.com','13856951469','New York, NY','P2049032'),(217,'Olivia','Brown','user217@email.com','16486187756','Dallas, TX','P5946923'),(218,'Alex','Davis','user218@email.com','11323701976','New York, NY','P3896166'),(219,'Emma','Johnson','user219@email.com','13381051664','Los Angeles, CA','P6988597'),(220,'Emma','Davis','user220@email.com','14945068821','New York, NY','P6221964'),(221,'Chris','Miller','user221@email.com','16227141838','Los Angeles, CA','P6670563'),(222,'Alex','Davis','user222@email.com','17667882557','Chicago, IL','P9281526'),(223,'Emma','Smith','user223@email.com','19955794037','New York, NY','P6995747'),(224,'Jane','Miller','user224@email.com','12991905237','Chicago, IL','P7257079'),(225,'Jane','Brown','user225@email.com','19924410561','Dallas, TX','P3277684'),(226,'Emma','Smith','user226@email.com','16390775814','Los Angeles, CA','P5203300'),(227,'Emma','Smith','user227@email.com','12944939439','Los Angeles, CA','P5108519'),(228,'Chris','Davis','user228@email.com','18525461274','New York, NY','P2160580'),(229,'Chris','Johnson','user229@email.com','13806471662','Dallas, TX','P2774004'),(230,'Jane','Miller','user230@email.com','15645737458','Los Angeles, CA','P7106287'),(231,'Emma','Johnson','user231@email.com','12795491272','Dallas, TX','P9457606'),(232,'Olivia','Johnson','user232@email.com','14304674891','Chicago, IL','P8071328'),(233,'Jane','Miller','user233@email.com','18614951471','Chicago, IL','P2734414'),(234,'Jane','Johnson','user234@email.com','19989300880','Dallas, TX','P6255770'),(235,'Emma','Davis','user235@email.com','11495517398','Dallas, TX','P4191317'),(236,'Olivia','Wilson','user236@email.com','15292080543','Los Angeles, CA','P4930379'),(237,'Chris','Brown','user237@email.com','18629862576','Chicago, IL','P7099509'),(238,'Jane','Smith','user238@email.com','15586052623','Dallas, TX','P1060293'),(239,'Chris','Miller','user239@email.com','13953687447','Dallas, TX','P3833253'),(240,'Olivia','Wilson','user240@email.com','12600288665','New York, NY','P1995719'),(241,'Alex','Davis','user241@email.com','18313922087','Los Angeles, CA','P8518292'),(242,'Olivia','Miller','user242@email.com','11779304204','Dallas, TX','P7455661'),(243,'Jane','Brown','user243@email.com','16313764595','New York, NY','P4302751'),(244,'Emma','Davis','user244@email.com','19710281196','New York, NY','P1561710'),(245,'Chris','Davis','user245@email.com','11136276494','Chicago, IL','P3157820'),(246,'Emma','Smith','user246@email.com','11848318832','Chicago, IL','P5092639'),(247,'Jane','Miller','user247@email.com','15444711210','Dallas, TX','P4515470'),(248,'Chris','Davis','user248@email.com','17651763157','Los Angeles, CA','P8499108'),(249,'Chris','Brown','user249@email.com','16628902599','Chicago, IL','P1922883'),(250,'Emma','Wilson','user250@email.com','17341248562','Los Angeles, CA','P9667784'),(252,'Virat','Kohli','virat.kohli@example.com','123-456-7890','123 Main St','AB123456');
/*!40000 ALTER TABLE `customers` ENABLE KEYS */;
UNLOCK TABLES;

--
-- Table structure for table `employees`
--

DROP TABLE IF EXISTS `employees`;
/*!40101 SET @saved_cs_client     = @@character_set_client */;
/*!50503 SET character_set_client = utf8mb4 */;
CREATE TABLE `employees` (
  `Employee_ID` int NOT NULL AUTO_INCREMENT,
  `First_Name` varchar(50) NOT NULL,
  `Last_Name` varchar(50) NOT NULL,
  `Role` varchar(50) DEFAULT NULL,
  `Department` varchar(50) DEFAULT NULL,
  `Contact_Details` varchar(100) DEFAULT NULL,
  `Shift_Start` time DEFAULT NULL,
  `Shift_End` time DEFAULT NULL,
  PRIMARY KEY (`Employee_ID`)
) ENGINE=InnoDB AUTO_INCREMENT=251 DEFAULT CHARSET=utf8mb4 COLLATE=utf8mb4_0900_ai_ci;
/*!40101 SET character_set_client = @saved_cs_client */;

--
-- Dumping data for table `employees`
--

LOCK TABLES `employees` WRITE;
/*!40000 ALTER TABLE `employees` DISABLE KEYS */;
INSERT INTO `employees` VALUES (1,'David','Lewis','Technician','Engineering','+11347332364','04:31:00','02:00:00'),(2,'Laura','Lewis','Technician','Customer Service','+15466719305','04:29:00','01:46:00'),(3,'Laura','Clark','Administrator','Customer Service','+17860125516','12:02:00','08:40:00'),(4,'Sarah','Anderson','Pilot','Engineering','+11470082594','10:29:00','08:14:00'),(5,'David','Clark','Technician','Customer Service','+11807382515','05:47:00','18:20:00'),(6,'Michael','Lewis','Technician','Operations','+15106336377','15:24:00','07:45:00'),(7,'Daniel','Clark','Pilot','HR','+18708446120','09:09:00','09:56:00'),(8,'Sarah','Walker','Pilot','Engineering','+15010026987','00:32:00','12:46:00'),(9,'Sarah','Lewis','Ground Staff','Customer Service','+12230928609','11:56:00','16:23:00'),(10,'Michael','Walker','Cabin Crew','Operations','+17017108524','05:16:00','22:04:00'),(11,'Daniel','Clark','Ground Staff','Customer Service','+15179457772','12:58:00','04:25:00'),(12,'Sarah','Walker','Pilot','Customer Service','+17468316670','02:44:00','22:35:00'),(13,'Daniel','Walker','Ground Staff','HR','+12092950894','16:39:00','04:54:00'),(14,'Daniel','Clark','Ground Staff','Operations','+19566928424','23:58:00','11:58:00'),(15,'Sarah','Rodriguez','Administrator','HR','+15765316963','05:55:00','10:53:00'),(16,'Sophia','Lewis','Pilot','Customer Service','+11932964090','08:29:00','09:45:00'),(17,'David','Walker','Ground Staff','Engineering','+19087287873','22:36:00','18:36:00'),(18,'Sarah','Lewis','Technician','Operations','+14527216301','10:20:00','09:28:00'),(19,'Daniel','Anderson','Technician','Operations','+11987946030','18:55:00','21:21:00'),(20,'Michael','Rodriguez','Technician','Customer Service','+17436860264','10:28:00','15:04:00'),(21,'Daniel','Clark','Pilot','HR','+12429032153','10:44:00','12:25:00'),(22,'Sarah','Clark','Technician','Customer Service','+17005078482','10:06:00','03:56:00'),(23,'Laura','Clark','Pilot','Customer Service','+11715753016','01:38:00','03:28:00'),(24,'David','Anderson','Technician','Customer Service','+18177114313','10:30:00','15:47:00'),(25,'Michael','Lewis','Cabin Crew','Customer Service','+15350704250','20:50:00','18:46:00'),(26,'Sarah','Rodriguez','Pilot','HR','+14490927319','23:13:00','00:26:00'),(27,'Sarah','Walker','Ground Staff','HR','+13477989797','09:42:00','00:32:00'),(28,'Sarah','Rodriguez','Cabin Crew','Operations','+16578570214','14:12:00','11:30:00'),(29,'Laura','Walker','Pilot','Operations','+13664746681','18:30:00','00:44:00'),(30,'David','Walker','Ground Staff','Customer Service','+12188753915','07:56:00','22:57:00'),(31,'David','Rodriguez','Pilot','Customer Service','+13315852892','18:54:00','06:25:00'),(32,'Sophia','Lewis','Administrator','Operations','+19142068297','18:11:00','06:58:00'),(33,'David','Rodriguez','Administrator','Engineering','+16350484628','21:32:00','12:09:00'),(34,'Sarah','Lewis','Administrator','Operations','+14166997204','10:06:00','04:13:00'),(35,'Daniel','Clark','Pilot','Customer Service','+14759730821','04:26:00','15:48:00'),(36,'David','Anderson','Administrator','Operations','+13130846585','18:09:00','15:38:00'),(37,'Michael','Clark','Cabin Crew','Engineering','+19423035728','06:03:00','16:22:00'),(38,'Sarah','Rodriguez','Administrator','Operations','+13694721439','14:12:00','09:29:00'),(39,'Laura','Clark','Ground Staff','HR','+16403376025','09:32:00','02:35:00'),(40,'Daniel','Lewis','Technician','HR','+11749469872','03:50:00','20:35:00'),(41,'Laura','Lewis','Pilot','Engineering','+16607840011','12:26:00','19:49:00'),(42,'Sarah','Anderson','Administrator','Customer Service','+15740768097','20:34:00','18:50:00'),(43,'Michael','Rodriguez','Technician','HR','+19938311849','01:54:00','13:14:00'),(44,'Michael','Rodriguez','Technician','HR','+16628193071','08:46:00','09:24:00'),(45,'Daniel','Walker','Technician','Customer Service','+18942199008','14:01:00','02:24:00'),(46,'Sophia','Lewis','Pilot','Operations','+11661383201','06:32:00','17:47:00'),(47,'Sarah','Clark','Ground Staff','Operations','+14887155143','18:35:00','06:28:00'),(48,'Sophia','Rodriguez','Ground Staff','Operations','+19540217344','11:38:00','11:52:00'),(49,'Daniel','Walker','Cabin Crew','Engineering','+12208790976','13:13:00','14:03:00'),(50,'Sophia','Walker','Ground Staff','Customer Service','+14384927211','07:29:00','03:43:00'),(51,'David','Walker','Pilot','Operations','+16333383779','17:16:00','14:37:00'),(52,'Sophia','Walker','Technician','Customer Service','+15979572141','19:32:00','15:03:00'),(53,'David','Rodriguez','Technician','Operations','+19931825240','02:12:00','16:12:00'),(54,'Michael','Rodriguez','Administrator','HR','+19238172462','10:01:00','01:24:00'),(55,'Sophia','Lewis','Administrator','Engineering','+15605749095','04:34:00','14:34:00'),(56,'Laura','Walker','Pilot','Customer Service','+11890228219','12:23:00','17:47:00'),(57,'Sarah','Rodriguez','Administrator','HR','+16444753477','20:49:00','19:48:00'),(58,'Michael','Clark','Technician','Operations','+15518551796','04:38:00','03:29:00'),(59,'Daniel','Anderson','Pilot','Customer Service','+17417040305','00:16:00','14:34:00'),(60,'Laura','Clark','Administrator','Customer Service','+14628769429','08:35:00','11:16:00'),(61,'Sarah','Anderson','Pilot','HR','+18309095437','23:50:00','10:17:00'),(62,'Sophia','Anderson','Ground Staff','HR','+16462880163','08:15:00','01:23:00'),(63,'Michael','Rodriguez','Administrator','Customer Service','+19718510617','13:37:00','17:41:00'),(64,'Michael','Clark','Cabin Crew','Customer Service','+13468007761','09:01:00','00:01:00'),(65,'Sarah','Anderson','Cabin Crew','HR','+15710021888','03:25:00','12:41:00'),(66,'Michael','Walker','Cabin Crew','Operations','+12904905762','18:23:00','21:13:00'),(67,'Laura','Lewis','Technician','Operations','+11274073729','04:41:00','14:50:00'),(68,'Daniel','Walker','Pilot','HR','+18797887117','18:43:00','00:52:00'),(69,'Michael','Anderson','Pilot','Engineering','+18728277350','09:40:00','12:45:00'),(70,'Sophia','Rodriguez','Ground Staff','HR','+12781055391','21:29:00','21:08:00'),(71,'Sarah','Rodriguez','Technician','Engineering','+17916273396','18:05:00','21:11:00'),(72,'Sophia','Rodriguez','Administrator','Customer Service','+15632655567','13:56:00','10:40:00'),(73,'Laura','Clark','Administrator','Engineering','+19464778224','19:26:00','01:08:00'),(74,'Daniel','Anderson','Pilot','Engineering','+17761224660','06:06:00','01:07:00'),(75,'David','Anderson','Pilot','Operations','+12519454892','19:12:00','23:14:00'),(76,'Sophia','Walker','Administrator','Engineering','+17325315630','06:17:00','06:37:00'),(77,'Laura','Clark','Pilot','Engineering','+18724597897','04:05:00','17:00:00'),(78,'Sarah','Clark','Technician','Operations','+12116433106','07:17:00','15:43:00'),(79,'David','Walker','Technician','Customer Service','+19829751925','23:46:00','20:33:00'),(80,'David','Anderson','Administrator','HR','+11891633779','12:25:00','19:36:00'),(81,'Daniel','Clark','Administrator','HR','+16738604999','14:35:00','20:28:00'),(82,'Sophia','Walker','Administrator','Engineering','+15346918030','10:52:00','15:12:00'),(83,'Sophia','Walker','Technician','HR','+17253859954','07:27:00','21:55:00'),(84,'Daniel','Rodriguez','Technician','Operations','+13657431633','13:48:00','13:44:00'),(85,'Laura','Anderson','Ground Staff','Engineering','+14427738484','22:26:00','16:41:00'),(86,'David','Clark','Administrator','Customer Service','+11170625583','10:25:00','18:54:00'),(87,'Laura','Clark','Pilot','Customer Service','+12760702432','15:53:00','17:23:00'),(88,'Laura','Lewis','Administrator','Operations','+15788768701','07:51:00','10:49:00'),(89,'Michael','Rodriguez','Technician','Customer Service','+14735439509','23:25:00','03:53:00'),(90,'David','Anderson','Cabin Crew','Customer Service','+15874591940','15:02:00','09:27:00'),(91,'Daniel','Walker','Technician','Operations','+11977577762','07:27:00','19:23:00'),(92,'David','Anderson','Technician','Operations','+17346248321','12:18:00','16:32:00'),(93,'Sophia','Walker','Technician','Engineering','+18468629275','14:45:00','23:53:00'),(94,'Laura','Rodriguez','Administrator','Operations','+14987621249','04:24:00','03:58:00'),(95,'Sarah','Rodriguez','Pilot','Engineering','+19981115220','21:35:00','01:46:00'),(96,'Sarah','Clark','Administrator','Customer Service','+16094843067','09:15:00','08:47:00'),(97,'Sarah','Clark','Pilot','HR','+15808627273','00:11:00','10:35:00'),(98,'David','Walker','Administrator','Customer Service','+15918187928','10:32:00','08:47:00'),(99,'Laura','Walker','Cabin Crew','Operations','+16601270312','02:34:00','21:43:00'),(100,'Sophia','Rodriguez','Pilot','HR','+19239568785','06:17:00','13:03:00'),(101,'David','Anderson','Administrator','Operations','+18490499128','04:36:00','10:07:00'),(102,'David','Rodriguez','Cabin Crew','Customer Service','+13802567605','00:22:00','09:57:00'),(103,'Sophia','Anderson','Technician','Customer Service','+19237531124','14:38:00','11:24:00'),(104,'Daniel','Clark','Ground Staff','Customer Service','+18691193903','21:31:00','05:54:00'),(105,'Sophia','Clark','Cabin Crew','HR','+15860362317','07:27:00','05:06:00'),(106,'Daniel','Rodriguez','Pilot','HR','+15130446800','11:50:00','15:48:00'),(107,'Daniel','Anderson','Technician','Customer Service','+11468770796','07:18:00','05:47:00'),(108,'Sophia','Walker','Cabin Crew','Operations','+14688617482','10:34:00','18:24:00'),(109,'Sophia','Clark','Administrator','Customer Service','+14054526224','17:47:00','22:42:00'),(110,'David','Anderson','Cabin Crew','Engineering','+16268273292','07:07:00','03:11:00'),(111,'Michael','Anderson','Administrator','HR','+17459382674','19:21:00','14:58:00'),(112,'Michael','Anderson','Technician','Customer Service','+19502713734','02:36:00','16:43:00'),(113,'Daniel','Anderson','Ground Staff','Customer Service','+14512747044','08:26:00','03:59:00'),(114,'Sophia','Clark','Technician','Operations','+12403038621','19:15:00','03:22:00'),(115,'Daniel','Clark','Ground Staff','HR','+12083386737','08:01:00','02:10:00'),(116,'Laura','Rodriguez','Ground Staff','Customer Service','+12522182226','07:22:00','18:50:00'),(117,'Laura','Anderson','Technician','HR','+16634846788','15:13:00','14:18:00'),(118,'Michael','Walker','Administrator','Engineering','+15496720917','04:02:00','18:49:00'),(119,'Michael','Lewis','Technician','Engineering','+19621989931','09:37:00','02:24:00'),(120,'David','Walker','Administrator','HR','+13838672518','13:15:00','04:09:00'),(121,'David','Clark','Technician','Customer Service','+12576709105','10:03:00','19:15:00'),(122,'Sophia','Lewis','Technician','Engineering','+12029319330','19:14:00','01:01:00'),(123,'Sarah','Lewis','Cabin Crew','HR','+12538807642','03:21:00','06:10:00'),(124,'Sophia','Lewis','Pilot','Engineering','+18621496015','22:27:00','03:42:00'),(125,'Daniel','Rodriguez','Ground Staff','Operations','+11835941228','22:24:00','09:00:00'),(126,'Sophia','Clark','Pilot','Engineering','+14365849550','21:20:00','23:53:00'),(127,'Michael','Clark','Pilot','Operations','+18229027655','22:49:00','21:29:00'),(128,'Michael','Lewis','Administrator','Customer Service','+15313952048','02:04:00','10:05:00'),(129,'Sophia','Walker','Technician','Customer Service','+14054640488','22:10:00','05:11:00'),(130,'Sarah','Walker','Pilot','Engineering','+16268963873','01:40:00','10:04:00'),(131,'David','Anderson','Ground Staff','HR','+18433698027','18:12:00','20:35:00'),(132,'Sarah','Lewis','Pilot','Engineering','+12647160779','23:18:00','03:15:00'),(133,'Sarah','Lewis','Pilot','Customer Service','+19747825606','17:50:00','09:24:00'),(134,'Laura','Rodriguez','Cabin Crew','Engineering','+17020795325','06:16:00','01:38:00'),(135,'Michael','Walker','Ground Staff','Engineering','+18502832798','23:56:00','11:33:00'),(136,'Daniel','Lewis','Pilot','HR','+18280893991','01:38:00','16:45:00'),(137,'Daniel','Rodriguez','Cabin Crew','HR','+18722798670','14:32:00','02:58:00'),(138,'Laura','Clark','Ground Staff','Customer Service','+17703600783','00:13:00','02:32:00'),(139,'Michael','Clark','Cabin Crew','Customer Service','+18261038484','16:47:00','15:24:00'),(140,'Laura','Walker','Administrator','Operations','+12574697424','14:56:00','07:47:00'),(141,'Daniel','Walker','Cabin Crew','Customer Service','+14032350583','14:16:00','01:13:00'),(142,'David','Anderson','Cabin Crew','HR','+11231958347','22:55:00','04:56:00'),(143,'Laura','Lewis','Ground Staff','Operations','+19896824917','02:21:00','05:33:00'),(144,'Michael','Anderson','Ground Staff','HR','+18010854176','08:11:00','18:34:00'),(145,'Sarah','Clark','Administrator','HR','+14414639829','19:24:00','01:13:00'),(146,'Sophia','Walker','Administrator','Operations','+11685087155','08:08:00','16:37:00'),(147,'Laura','Anderson','Technician','Operations','+17079956655','11:18:00','00:40:00'),(148,'Sophia','Anderson','Technician','HR','+12195916994','03:54:00','23:36:00'),(149,'David','Clark','Administrator','Operations','+11668901692','23:13:00','09:59:00'),(150,'Daniel','Lewis','Cabin Crew','Operations','+18681921483','07:54:00','20:54:00'),(151,'Sophia','Clark','Pilot','Operations','+14978316904','23:33:00','17:29:00'),(152,'David','Rodriguez','Cabin Crew','Operations','+19519755909','04:25:00','15:12:00'),(153,'David','Lewis','Pilot','HR','+14109169040','10:36:00','01:50:00'),(154,'Laura','Clark','Ground Staff','Customer Service','+15172234975','08:31:00','15:06:00'),(155,'Daniel','Anderson','Cabin Crew','HR','+12298156240','20:20:00','22:23:00'),(156,'Sarah','Clark','Pilot','HR','+18404261226','19:54:00','13:04:00'),(157,'David','Walker','Ground Staff','Customer Service','+17371424185','20:15:00','08:53:00'),(158,'Sophia','Lewis','Administrator','Engineering','+19818978370','04:00:00','23:36:00'),(159,'Daniel','Anderson','Ground Staff','Operations','+14652251986','19:22:00','15:22:00'),(160,'Laura','Clark','Pilot','HR','+12720510456','05:42:00','10:50:00'),(161,'David','Anderson','Cabin Crew','Operations','+19168388891','14:46:00','16:19:00'),(162,'Sophia','Walker','Administrator','Customer Service','+18284362759','18:42:00','20:41:00'),(163,'David','Clark','Technician','Operations','+17002629164','08:46:00','14:12:00'),(164,'Sophia','Rodriguez','Administrator','HR','+12731273707','16:05:00','12:55:00'),(165,'Laura','Anderson','Technician','HR','+16018783279','01:45:00','00:16:00'),(166,'Sarah','Anderson','Pilot','Customer Service','+16511497087','13:12:00','11:00:00'),(167,'Michael','Clark','Cabin Crew','Engineering','+12515005147','23:19:00','04:04:00'),(168,'Daniel','Lewis','Ground Staff','Engineering','+12616027423','09:00:00','03:04:00'),(169,'David','Walker','Ground Staff','HR','+19980115374','01:45:00','10:06:00'),(170,'Daniel','Rodriguez','Cabin Crew','HR','+17763665882','13:54:00','02:12:00'),(171,'Sophia','Clark','Technician','Customer Service','+13278015217','19:09:00','00:52:00'),(172,'David','Anderson','Pilot','HR','+11683377489','20:10:00','02:09:00'),(173,'David','Clark','Ground Staff','HR','+12473530556','21:34:00','03:32:00'),(174,'Laura','Clark','Pilot','HR','+12293168484','20:31:00','10:32:00'),(175,'Sarah','Lewis','Administrator','Customer Service','+18126058042','23:12:00','17:40:00'),(176,'Sarah','Lewis','Ground Staff','HR','+13133069422','22:26:00','04:32:00'),(177,'Daniel','Rodriguez','Cabin Crew','Engineering','+13435901531','19:19:00','06:10:00'),(178,'Laura','Rodriguez','Administrator','HR','+13815836704','11:44:00','23:58:00'),(179,'David','Rodriguez','Pilot','HR','+12608162970','08:56:00','13:13:00'),(180,'Daniel','Walker','Ground Staff','HR','+19330312136','02:50:00','23:39:00'),(181,'Laura','Clark','Ground Staff','Operations','+14561179983','16:05:00','20:55:00'),(182,'David','Rodriguez','Pilot','Customer Service','+13618796764','21:31:00','12:28:00'),(183,'Michael','Anderson','Technician','HR','+15675870107','05:58:00','16:05:00'),(184,'Laura','Anderson','Administrator','HR','+13573318572','19:49:00','23:16:00'),(185,'David','Walker','Administrator','Operations','+13032664979','23:50:00','07:47:00'),(186,'Michael','Anderson','Technician','Operations','+14162606718','14:35:00','13:29:00'),(187,'Michael','Walker','Technician','Operations','+18986385001','18:05:00','03:37:00'),(188,'David','Walker','Ground Staff','Operations','+12977277431','17:22:00','08:31:00'),(189,'Sarah','Walker','Pilot','Engineering','+12857781865','11:08:00','14:30:00'),(190,'Sophia','Walker','Ground Staff','Operations','+12572199177','05:02:00','11:42:00'),(191,'Daniel','Walker','Pilot','Operations','+14067774090','09:19:00','22:56:00'),(192,'Michael','Anderson','Ground Staff','HR','+14361319613','21:29:00','06:25:00'),(193,'David','Clark','Pilot','Customer Service','+18901201020','06:28:00','16:47:00'),(194,'Sophia','Walker','Pilot','Engineering','+12158457309','09:44:00','10:00:00'),(195,'Sarah','Clark','Administrator','Operations','+18371381852','14:01:00','00:41:00'),(196,'David','Anderson','Cabin Crew','HR','+19813662822','22:39:00','13:49:00'),(197,'David','Lewis','Cabin Crew','Customer Service','+13238208640','02:30:00','10:31:00'),(198,'Michael','Rodriguez','Technician','HR','+11782652666','13:03:00','18:01:00'),(199,'Michael','Walker','Ground Staff','Engineering','+18221359133','05:03:00','06:26:00'),(200,'David','Anderson','Pilot','Engineering','+11705824417','02:52:00','07:31:00'),(201,'Sarah','Anderson','Cabin Crew','HR','+11770866184','11:50:00','22:40:00'),(202,'Daniel','Lewis','Ground Staff','Customer Service','+15987248524','05:20:00','20:21:00'),(203,'Daniel','Anderson','Pilot','HR','+13675501969','23:07:00','07:07:00'),(204,'Daniel','Rodriguez','Technician','Operations','+14807805632','08:03:00','13:39:00'),(205,'Michael','Anderson','Administrator','Engineering','+17431493194','22:21:00','15:40:00'),(206,'Sophia','Clark','Pilot','HR','+14411207078','18:18:00','19:55:00'),(207,'Sophia','Walker','Pilot','Operations','+18096492231','03:34:00','11:58:00'),(208,'Sarah','Clark','Pilot','HR','+12117807754','20:44:00','01:09:00'),(209,'David','Clark','Pilot','Engineering','+14649643942','02:18:00','01:51:00'),(210,'Michael','Walker','Cabin Crew','HR','+17707277819','20:11:00','18:09:00'),(211,'Sarah','Anderson','Ground Staff','HR','+15807147623','14:45:00','03:21:00'),(212,'Sophia','Walker','Ground Staff','Operations','+19010217249','13:29:00','20:38:00'),(213,'Sarah','Rodriguez','Ground Staff','Engineering','+13325541384','14:36:00','08:24:00'),(214,'Daniel','Rodriguez','Ground Staff','Engineering','+15032217689','07:27:00','06:58:00'),(215,'David','Lewis','Technician','Engineering','+19620587850','06:40:00','21:28:00'),(216,'Sophia','Lewis','Ground Staff','Customer Service','+16783961002','15:15:00','06:28:00'),(217,'Laura','Rodriguez','Cabin Crew','Customer Service','+15661376024','20:50:00','22:47:00'),(218,'Sarah','Rodriguez','Cabin Crew','Operations','+19826332505','06:49:00','04:48:00'),(219,'Laura','Lewis','Ground Staff','Operations','+16480101419','21:01:00','06:29:00'),(220,'David','Rodriguez','Cabin Crew','HR','+12901547484','04:12:00','15:53:00'),(221,'Michael','Lewis','Technician','Operations','+14192693485','08:37:00','08:59:00'),(222,'Daniel','Anderson','Pilot','Customer Service','+14853635354','11:52:00','10:42:00'),(223,'David','Rodriguez','Technician','Customer Service','+18934675314','10:44:00','12:16:00'),(224,'Sarah','Clark','Pilot','Operations','+17928765822','12:34:00','01:42:00'),(225,'Laura','Anderson','Cabin Crew','HR','+14192940915','21:59:00','08:37:00'),(226,'Laura','Rodriguez','Pilot','Customer Service','+18032012845','14:02:00','15:28:00'),(227,'Sophia','Anderson','Ground Staff','Operations','+17394770001','17:58:00','15:43:00'),(228,'Sophia','Walker','Ground Staff','Customer Service','+12009315989','19:41:00','02:36:00'),(229,'Sarah','Walker','Cabin Crew','Operations','+11994430327','23:24:00','06:49:00'),(230,'Sarah','Lewis','Pilot','HR','+18744812326','21:54:00','05:48:00'),(231,'David','Walker','Ground Staff','HR','+15925895972','09:14:00','01:04:00'),(232,'Daniel','Walker','Administrator','Operations','+15263971553','20:23:00','20:49:00'),(233,'Laura','Rodriguez','Cabin Crew','HR','+19521734762','10:12:00','01:48:00'),(234,'Michael','Anderson','Cabin Crew','HR','+19495692269','11:36:00','14:25:00'),(235,'Laura','Clark','Administrator','Operations','+19446098863','23:16:00','20:01:00'),(236,'Sophia','Clark','Ground Staff','Customer Service','+18578781295','01:54:00','14:11:00'),(237,'Michael','Rodriguez','Pilot','Engineering','+15451242182','10:13:00','20:55:00'),(238,'David','Clark','Administrator','Operations','+13044628457','11:19:00','14:05:00'),(239,'David','Rodriguez','Pilot','Operations','+15825488189','21:09:00','04:36:00'),(240,'Michael','Clark','Pilot','Engineering','+18529009820','15:57:00','12:44:00'),(241,'David','Lewis','Technician','Customer Service','+12896381988','09:44:00','03:31:00'),(242,'Sophia','Walker','Technician','Engineering','+17195956046','04:32:00','14:54:00'),(243,'David','Lewis','Cabin Crew','Engineering','+11015471910','10:22:00','15:34:00'),(244,'Daniel','Lewis','Pilot','HR','+16081322479','09:51:00','21:26:00'),(245,'Michael','Walker','Pilot','Engineering','+18531979329','22:38:00','02:32:00'),(246,'Laura','Rodriguez','Technician','Engineering','+17134435541','08:27:00','05:57:00'),(247,'Sophia','Anderson','Cabin Crew','Customer Service','+15811561892','14:50:00','14:04:00'),(248,'Sarah','Clark','Administrator','HR','+15417220175','09:17:00','00:41:00'),(249,'Sophia','Walker','Pilot','Operations','+16397938218','03:18:00','03:38:00'),(250,'Sophia','Anderson','Pilot','Engineering','+14082707674','15:23:00','10:41:00');
/*!40000 ALTER TABLE `employees` ENABLE KEYS */;
UNLOCK TABLES;

--
-- Table structure for table `flight_attendants`
--

DROP TABLE IF EXISTS `flight_attendants`;
/*!40101 SET @saved_cs_client     = @@character_set_client */;
/*!50503 SET character_set_client = utf8mb4 */;
CREATE TABLE `flight_attendants` (
  `Flight_Attendant_ID` int NOT NULL AUTO_INCREMENT,
  `Employee_ID` int NOT NULL,
  `Assigned_Flight_ID` int NOT NULL,
  `Role` varchar(50) DEFAULT NULL,
  `Shift_Start` time DEFAULT NULL,
  `Shift_End` time DEFAULT NULL,
  PRIMARY KEY (`Flight_Attendant_ID`),
  KEY `Employee_ID` (`Employee_ID`),
  KEY `Assigned_Flight_ID` (`Assigned_Flight_ID`),
  CONSTRAINT `flight_attendants_ibfk_1` FOREIGN KEY (`Employee_ID`) REFERENCES `employees` (`Employee_ID`),
  CONSTRAINT `flight_attendants_ibfk_2` FOREIGN KEY (`Assigned_Flight_ID`) REFERENCES `flights` (`Flight_ID`)
) ENGINE=InnoDB AUTO_INCREMENT=251 DEFAULT CHARSET=utf8mb4 COLLATE=utf8mb4_0900_ai_ci;
/*!40101 SET character_set_client = @saved_cs_client */;

--
-- Dumping data for table `flight_attendants`
--

LOCK TABLES `flight_attendants` WRITE;
/*!40000 ALTER TABLE `flight_attendants` DISABLE KEYS */;
INSERT INTO `flight_attendants` VALUES (1,135,16,'Junior Attendant','22:47:00','15:54:00'),(2,178,58,'Junior Attendant','09:39:00','06:39:00'),(3,86,9,'Lead Attendant','08:21:00','05:10:00'),(4,8,181,'Junior Attendant','19:19:00','07:04:00'),(5,31,242,'Lead Attendant','20:48:00','00:14:00'),(6,153,32,'Lead Attendant','10:46:00','03:36:00'),(7,196,61,'Lead Attendant','12:19:00','07:36:00'),(8,104,54,'Lead Attendant','03:04:00','22:19:00'),(9,235,240,'Lead Attendant','15:12:00','20:03:00'),(10,198,248,'Lead Attendant','03:28:00','00:36:00'),(11,180,126,'Lead Attendant','23:42:00','22:42:00'),(12,194,225,'Junior Attendant','03:49:00','19:05:00'),(13,220,201,'Junior Attendant','13:10:00','01:12:00'),(14,228,177,'Lead Attendant','17:27:00','09:53:00'),(15,87,33,'Lead Attendant','19:22:00','17:46:00'),(16,53,96,'Junior Attendant','12:18:00','22:38:00'),(17,88,100,'Junior Attendant','08:00:00','20:01:00'),(18,113,241,'Lead Attendant','07:12:00','21:50:00'),(19,51,174,'Junior Attendant','13:52:00','06:08:00'),(20,75,40,'Junior Attendant','14:01:00','00:03:00'),(21,169,47,'Junior Attendant','19:14:00','06:41:00'),(22,202,70,'Junior Attendant','10:31:00','16:22:00'),(23,55,142,'Lead Attendant','16:22:00','09:46:00'),(24,102,159,'Junior Attendant','13:26:00','09:40:00'),(25,207,124,'Lead Attendant','15:54:00','14:36:00'),(26,69,101,'Junior Attendant','10:58:00','18:21:00'),(27,35,7,'Lead Attendant','11:34:00','07:00:00'),(28,122,47,'Lead Attendant','02:02:00','00:35:00'),(29,175,106,'Junior Attendant','19:43:00','20:22:00'),(30,207,136,'Lead Attendant','13:08:00','14:00:00'),(31,124,37,'Lead Attendant','09:37:00','06:56:00'),(32,75,190,'Junior Attendant','03:11:00','16:46:00'),(33,21,23,'Lead Attendant','04:27:00','20:18:00'),(34,4,147,'Lead Attendant','02:56:00','18:11:00'),(35,125,241,'Junior Attendant','02:35:00','04:31:00'),(36,49,100,'Junior Attendant','20:25:00','02:46:00'),(37,239,230,'Junior Attendant','03:55:00','15:20:00'),(38,108,9,'Lead Attendant','00:36:00','06:52:00'),(39,250,144,'Junior Attendant','15:37:00','03:48:00'),(40,30,136,'Junior Attendant','11:41:00','03:38:00'),(41,57,85,'Lead Attendant','09:26:00','16:15:00'),(42,28,204,'Lead Attendant','19:05:00','02:39:00'),(43,130,11,'Junior Attendant','04:48:00','22:54:00'),(44,17,128,'Junior Attendant','19:30:00','17:25:00'),(45,177,211,'Junior Attendant','10:12:00','12:41:00'),(46,58,173,'Lead Attendant','20:50:00','06:07:00'),(47,62,58,'Lead Attendant','00:50:00','00:56:00'),(48,68,171,'Lead Attendant','21:15:00','17:54:00'),(49,82,21,'Junior Attendant','09:53:00','08:38:00'),(50,100,185,'Lead Attendant','07:14:00','08:57:00'),(51,70,108,'Lead Attendant','16:47:00','12:02:00'),(52,224,60,'Junior Attendant','09:47:00','15:48:00'),(53,94,201,'Lead Attendant','18:35:00','23:50:00'),(54,35,220,'Lead Attendant','14:33:00','07:14:00'),(55,218,238,'Junior Attendant','05:32:00','07:17:00'),(56,49,129,'Junior Attendant','09:23:00','08:48:00'),(57,218,132,'Lead Attendant','04:07:00','09:00:00'),(58,211,214,'Junior Attendant','19:42:00','02:08:00'),(59,180,105,'Lead Attendant','00:27:00','05:42:00'),(60,25,230,'Junior Attendant','05:34:00','02:03:00'),(61,12,206,'Lead Attendant','23:27:00','12:49:00'),(62,27,55,'Junior Attendant','20:58:00','23:05:00'),(63,218,98,'Junior Attendant','10:08:00','05:51:00'),(64,114,3,'Lead Attendant','02:39:00','16:05:00'),(65,161,183,'Junior Attendant','09:59:00','13:34:00'),(66,196,80,'Junior Attendant','16:30:00','15:40:00'),(67,156,69,'Junior Attendant','15:18:00','06:06:00'),(68,152,5,'Junior Attendant','06:48:00','04:45:00'),(69,22,154,'Junior Attendant','04:20:00','16:43:00'),(70,84,65,'Lead Attendant','09:37:00','07:00:00'),(71,239,245,'Junior Attendant','15:47:00','19:20:00'),(72,198,111,'Lead Attendant','13:40:00','12:35:00'),(73,29,247,'Junior Attendant','08:08:00','21:03:00'),(74,88,35,'Lead Attendant','13:34:00','14:37:00'),(75,88,86,'Lead Attendant','03:01:00','16:22:00'),(76,244,36,'Lead Attendant','15:27:00','14:39:00'),(77,200,174,'Lead Attendant','15:20:00','16:49:00'),(78,173,133,'Junior Attendant','07:04:00','04:12:00'),(79,242,10,'Lead Attendant','14:19:00','16:13:00'),(80,123,55,'Lead Attendant','17:31:00','16:06:00'),(81,247,155,'Junior Attendant','07:32:00','05:06:00'),(82,101,62,'Lead Attendant','03:09:00','03:13:00'),(83,101,18,'Lead Attendant','15:15:00','09:25:00'),(84,61,62,'Junior Attendant','16:22:00','16:34:00'),(85,40,136,'Lead Attendant','01:21:00','20:59:00'),(86,191,107,'Lead Attendant','19:57:00','15:14:00'),(87,166,183,'Junior Attendant','22:06:00','11:28:00'),(88,12,125,'Lead Attendant','18:13:00','16:14:00'),(89,63,105,'Junior Attendant','09:47:00','21:09:00'),(90,211,56,'Junior Attendant','08:07:00','10:48:00'),(91,78,99,'Junior Attendant','01:29:00','10:43:00'),(92,119,72,'Lead Attendant','02:17:00','10:08:00'),(93,126,80,'Junior Attendant','00:04:00','12:36:00'),(94,107,174,'Junior Attendant','19:40:00','09:42:00'),(95,82,120,'Lead Attendant','13:49:00','12:15:00'),(96,171,249,'Lead Attendant','09:00:00','13:23:00'),(97,25,88,'Junior Attendant','15:28:00','22:27:00'),(98,91,102,'Lead Attendant','12:19:00','17:38:00'),(99,133,81,'Junior Attendant','18:00:00','22:59:00'),(100,196,168,'Lead Attendant','09:17:00','02:24:00'),(101,149,43,'Junior Attendant','08:58:00','13:35:00'),(102,86,202,'Junior Attendant','19:48:00','07:13:00'),(103,242,71,'Lead Attendant','06:01:00','05:01:00'),(104,140,11,'Lead Attendant','23:11:00','06:53:00'),(105,129,164,'Junior Attendant','08:40:00','20:52:00'),(106,151,62,'Lead Attendant','02:39:00','10:16:00'),(107,26,14,'Junior Attendant','22:21:00','05:02:00'),(108,115,5,'Lead Attendant','05:11:00','03:53:00'),(109,236,222,'Lead Attendant','04:00:00','04:46:00'),(110,1,4,'Junior Attendant','02:49:00','18:17:00'),(111,36,23,'Lead Attendant','07:03:00','02:00:00'),(112,117,170,'Lead Attendant','13:29:00','19:55:00'),(113,240,27,'Lead Attendant','02:25:00','23:13:00'),(114,26,249,'Junior Attendant','06:10:00','09:57:00'),(115,26,218,'Lead Attendant','01:43:00','19:20:00'),(116,213,172,'Lead Attendant','02:52:00','17:34:00'),(117,206,63,'Lead Attendant','16:18:00','14:25:00'),(118,202,68,'Lead Attendant','06:43:00','11:17:00'),(119,82,178,'Lead Attendant','15:55:00','07:13:00'),(120,173,77,'Lead Attendant','04:05:00','05:09:00'),(121,161,159,'Junior Attendant','07:55:00','18:52:00'),(122,131,192,'Lead Attendant','01:40:00','04:14:00'),(123,34,216,'Lead Attendant','07:38:00','06:29:00'),(124,107,136,'Lead Attendant','10:47:00','09:37:00'),(125,11,43,'Junior Attendant','20:28:00','18:20:00'),(126,245,165,'Junior Attendant','09:47:00','06:40:00'),(127,79,20,'Junior Attendant','02:10:00','04:29:00'),(128,186,175,'Lead Attendant','09:25:00','05:00:00'),(129,176,113,'Junior Attendant','22:52:00','02:40:00'),(130,50,54,'Junior Attendant','03:02:00','20:48:00'),(131,177,110,'Junior Attendant','06:21:00','21:51:00'),(132,51,245,'Junior Attendant','08:01:00','15:52:00'),(133,158,132,'Lead Attendant','07:46:00','16:24:00'),(134,60,85,'Lead Attendant','05:56:00','02:44:00'),(135,37,249,'Junior Attendant','23:04:00','22:37:00'),(136,245,8,'Lead Attendant','13:59:00','13:26:00'),(137,123,237,'Junior Attendant','22:20:00','08:59:00'),(138,56,51,'Junior Attendant','07:39:00','04:45:00'),(139,67,135,'Junior Attendant','23:46:00','02:34:00'),(140,103,45,'Junior Attendant','23:15:00','06:43:00'),(141,191,147,'Junior Attendant','16:50:00','13:46:00'),(142,62,56,'Junior Attendant','21:42:00','18:16:00'),(143,21,79,'Lead Attendant','23:17:00','20:40:00'),(144,94,26,'Junior Attendant','09:47:00','00:21:00'),(145,76,9,'Lead Attendant','22:16:00','03:29:00'),(146,216,210,'Lead Attendant','03:30:00','21:01:00'),(147,143,245,'Lead Attendant','03:43:00','11:51:00'),(148,105,43,'Lead Attendant','04:22:00','18:37:00'),(149,83,192,'Junior Attendant','17:07:00','06:28:00'),(150,145,100,'Lead Attendant','10:19:00','11:35:00'),(151,184,83,'Junior Attendant','04:37:00','15:54:00'),(152,136,226,'Lead Attendant','08:23:00','02:55:00'),(153,234,164,'Lead Attendant','13:20:00','07:01:00'),(154,92,54,'Lead Attendant','16:36:00','22:51:00'),(155,128,22,'Junior Attendant','17:22:00','12:40:00'),(156,59,16,'Lead Attendant','02:11:00','08:16:00'),(157,240,105,'Junior Attendant','15:28:00','06:16:00'),(158,100,76,'Junior Attendant','06:53:00','20:10:00'),(159,40,76,'Lead Attendant','20:45:00','11:57:00'),(160,198,36,'Lead Attendant','02:12:00','03:39:00'),(161,213,7,'Lead Attendant','08:01:00','14:10:00'),(162,58,182,'Junior Attendant','10:08:00','16:30:00'),(163,205,138,'Lead Attendant','12:31:00','05:07:00'),(164,133,169,'Lead Attendant','16:29:00','02:33:00'),(165,139,124,'Lead Attendant','20:42:00','12:34:00'),(166,134,121,'Junior Attendant','06:04:00','19:05:00'),(167,95,160,'Junior Attendant','13:48:00','03:22:00'),(168,43,196,'Junior Attendant','21:25:00','10:40:00'),(169,123,86,'Junior Attendant','00:07:00','02:18:00'),(170,15,140,'Junior Attendant','14:30:00','12:32:00'),(171,103,223,'Lead Attendant','14:01:00','19:58:00'),(172,8,115,'Junior Attendant','22:29:00','11:52:00'),(173,75,239,'Lead Attendant','20:08:00','22:15:00'),(174,57,239,'Lead Attendant','10:38:00','12:19:00'),(175,56,49,'Junior Attendant','21:57:00','05:49:00'),(176,152,45,'Lead Attendant','02:43:00','03:23:00'),(177,99,182,'Junior Attendant','08:56:00','18:06:00'),(178,165,97,'Junior Attendant','05:10:00','08:17:00'),(179,193,111,'Junior Attendant','15:20:00','07:05:00'),(180,169,250,'Junior Attendant','00:14:00','15:45:00'),(181,60,32,'Lead Attendant','09:08:00','09:08:00'),(182,45,175,'Junior Attendant','00:06:00','01:27:00'),(183,26,116,'Junior Attendant','02:31:00','05:37:00'),(184,69,138,'Junior Attendant','05:34:00','19:26:00'),(185,92,205,'Junior Attendant','08:58:00','05:07:00'),(186,123,76,'Junior Attendant','02:30:00','01:22:00'),(187,201,96,'Junior Attendant','03:54:00','04:38:00'),(188,187,144,'Lead Attendant','08:22:00','07:07:00'),(189,169,165,'Junior Attendant','16:44:00','13:33:00'),(190,39,104,'Lead Attendant','07:03:00','10:29:00'),(191,133,55,'Lead Attendant','22:00:00','16:49:00'),(192,49,249,'Junior Attendant','06:15:00','14:22:00'),(193,204,245,'Junior Attendant','08:55:00','03:55:00'),(194,44,199,'Lead Attendant','13:13:00','22:20:00'),(195,192,232,'Lead Attendant','05:43:00','19:33:00'),(196,169,95,'Junior Attendant','16:21:00','08:03:00'),(197,38,60,'Junior Attendant','00:04:00','04:15:00'),(198,97,230,'Junior Attendant','01:32:00','22:07:00'),(199,176,214,'Junior Attendant','17:26:00','08:32:00'),(200,154,181,'Junior Attendant','20:01:00','02:41:00'),(201,113,100,'Lead Attendant','21:01:00','13:59:00'),(202,37,42,'Lead Attendant','13:14:00','05:13:00'),(203,233,73,'Lead Attendant','19:07:00','04:36:00'),(204,101,48,'Junior Attendant','03:54:00','23:44:00'),(205,27,105,'Lead Attendant','09:51:00','03:49:00'),(206,118,86,'Lead Attendant','05:20:00','14:34:00'),(207,56,120,'Lead Attendant','12:21:00','03:01:00'),(208,146,27,'Junior Attendant','00:39:00','12:52:00'),(209,161,122,'Junior Attendant','20:01:00','07:30:00'),(210,229,18,'Lead Attendant','08:00:00','08:53:00'),(211,52,78,'Junior Attendant','11:26:00','20:05:00'),(212,164,143,'Lead Attendant','16:58:00','20:06:00'),(213,92,138,'Lead Attendant','22:50:00','19:56:00'),(214,30,186,'Lead Attendant','10:58:00','18:01:00'),(215,69,238,'Junior Attendant','16:40:00','09:05:00'),(216,29,28,'Junior Attendant','19:49:00','22:35:00'),(217,3,228,'Lead Attendant','17:18:00','02:48:00'),(218,31,11,'Lead Attendant','23:27:00','03:25:00'),(219,15,201,'Lead Attendant','20:47:00','04:34:00'),(220,66,190,'Junior Attendant','04:11:00','15:11:00'),(221,161,71,'Junior Attendant','02:15:00','23:27:00'),(222,22,107,'Lead Attendant','23:08:00','06:58:00'),(223,54,214,'Junior Attendant','18:18:00','23:04:00'),(224,54,238,'Lead Attendant','16:20:00','22:11:00'),(225,14,161,'Lead Attendant','21:49:00','08:26:00'),(226,185,52,'Junior Attendant','05:30:00','07:39:00'),(227,144,225,'Lead Attendant','21:22:00','03:09:00'),(228,4,122,'Junior Attendant','12:01:00','02:49:00'),(229,213,132,'Junior Attendant','18:56:00','13:02:00'),(230,69,105,'Lead Attendant','01:51:00','21:53:00'),(231,162,243,'Lead Attendant','21:58:00','13:58:00'),(232,156,160,'Junior Attendant','14:31:00','22:23:00'),(233,39,34,'Junior Attendant','23:54:00','15:42:00'),(234,226,182,'Junior Attendant','02:47:00','23:50:00'),(235,62,57,'Lead Attendant','01:22:00','23:47:00'),(236,169,144,'Lead Attendant','18:26:00','01:58:00'),(237,185,159,'Lead Attendant','06:54:00','14:20:00'),(238,46,20,'Junior Attendant','18:38:00','22:20:00'),(239,176,124,'Lead Attendant','22:11:00','12:48:00'),(240,49,228,'Junior Attendant','14:52:00','08:03:00'),(241,48,20,'Junior Attendant','04:26:00','08:15:00'),(242,78,161,'Junior Attendant','06:43:00','20:50:00'),(243,224,108,'Lead Attendant','06:10:00','18:54:00'),(244,182,14,'Junior Attendant','18:48:00','04:28:00'),(245,54,49,'Lead Attendant','06:35:00','20:31:00'),(246,114,2,'Lead Attendant','18:16:00','10:36:00'),(247,224,226,'Lead Attendant','01:36:00','13:23:00'),(248,138,73,'Lead Attendant','08:01:00','07:54:00'),(249,65,129,'Lead Attendant','07:37:00','05:27:00'),(250,36,20,'Junior Attendant','04:02:00','07:02:00');
/*!40000 ALTER TABLE `flight_attendants` ENABLE KEYS */;
UNLOCK TABLES;

--
-- Temporary view structure for view `flightbookingdetails`
--

DROP TABLE IF EXISTS `flightbookingdetails`;
/*!50001 DROP VIEW IF EXISTS `flightbookingdetails`*/;
SET @saved_cs_client     = @@character_set_client;
/*!50503 SET character_set_client = utf8mb4 */;
/*!50001 CREATE VIEW `flightbookingdetails` AS SELECT 
 1 AS `Flight_Number`,
 1 AS `Departure_Airport`,
 1 AS `Arrival_Airport`,
 1 AS `Departure_Time`,
 1 AS `Arrival_Time`,
 1 AS `First_Name`,
 1 AS `Last_Name`,
 1 AS `Booking_ID`,
 1 AS `Seat_Class`,
 1 AS `Seat_Number`,
 1 AS `Total_Price`,
 1 AS `Payment_Status`*/;
SET character_set_client = @saved_cs_client;

--
-- Table structure for table `flights`
--

DROP TABLE IF EXISTS `flights`;
/*!40101 SET @saved_cs_client     = @@character_set_client */;
/*!50503 SET character_set_client = utf8mb4 */;
CREATE TABLE `flights` (
  `Flight_ID` int NOT NULL AUTO_INCREMENT,
  `Flight_Number` varchar(10) NOT NULL,
  `Departure_Airport` varchar(50) NOT NULL,
  `Arrival_Airport` varchar(50) NOT NULL,
  `Departure_Time` datetime NOT NULL,
  `Arrival_Time` datetime NOT NULL,
  `Aircraft_ID` int NOT NULL,
  `Status` enum('On-time','Delayed','Cancelled') DEFAULT NULL,
  `Route_ID` int NOT NULL,
  PRIMARY KEY (`Flight_ID`),
  UNIQUE KEY `Flight_Number` (`Flight_Number`),
  KEY `Aircraft_ID` (`Aircraft_ID`),
  KEY `Route_ID` (`Route_ID`),
  KEY `idx_flights_departure_arrival_time` (`Departure_Airport`,`Arrival_Airport`,`Departure_Time`),
  CONSTRAINT `flights_ibfk_1` FOREIGN KEY (`Aircraft_ID`) REFERENCES `aircraft` (`Aircraft_ID`),
  CONSTRAINT `flights_ibfk_2` FOREIGN KEY (`Route_ID`) REFERENCES `routes` (`Route_ID`)
) ENGINE=InnoDB AUTO_INCREMENT=251 DEFAULT CHARSET=utf8mb4 COLLATE=utf8mb4_0900_ai_ci;
/*!40101 SET character_set_client = @saved_cs_client */;

--
-- Dumping data for table `flights`
--

LOCK TABLES `flights` WRITE;
/*!40000 ALTER TABLE `flights` DISABLE KEYS */;
INSERT INTO `flights` VALUES (1,'FL1000','DFW','LHR','2025-01-01 00:00:00','2025-07-27 00:00:00',24,'Delayed',25),(2,'FL1001','JFK','HND','2025-04-27 00:00:00','2025-04-22 00:00:00',6,'Cancelled',2),(3,'FL1002','DFW','HND','2025-01-10 00:00:00','2025-02-15 00:00:00',81,'On-time',41),(4,'FL1003','ORD','LHR','2025-06-05 00:00:00','2025-07-25 00:00:00',45,'On-time',54),(5,'FL1004','ATL','CDG','2025-01-23 00:00:00','2025-01-08 00:00:00',18,'On-time',10),(6,'FL1005','DFW','LHR','2025-08-30 00:00:00','2025-01-15 00:00:00',13,'Cancelled',25),(7,'FL1006','DFW','DXB','2025-06-28 00:00:00','2025-12-25 00:00:00',44,'Delayed',11),(8,'FL1007','LAX','CDG','2025-10-12 00:00:00','2025-11-15 00:00:00',98,'Delayed',6),(9,'FL1008','JFK','SIN','2025-12-05 00:00:00','2025-08-06 00:00:00',28,'On-time',1),(10,'FL1009','ORD','LHR','2025-08-12 00:00:00','2025-04-19 00:00:00',54,'Delayed',54),(11,'FL1010','LAX','DXB','2025-09-23 00:00:00','2025-06-25 00:00:00',85,'Cancelled',30),(12,'FL1011','DFW','LHR','2025-08-17 00:00:00','2025-06-04 00:00:00',55,'Delayed',25),(13,'FL1012','ATL','HND','2025-03-12 00:00:00','2025-01-14 00:00:00',1,'Delayed',9),(14,'FL1013','ATL','DXB','2025-06-03 00:00:00','2025-01-30 00:00:00',31,'Delayed',5),(15,'FL1014','DFW','HND','2025-02-13 00:00:00','2025-07-29 00:00:00',43,'Delayed',41),(16,'FL1015','ATL','DXB','2025-04-20 00:00:00','2025-05-07 00:00:00',8,'On-time',5),(17,'FL1016','ATL','SIN','2025-01-28 00:00:00','2025-06-09 00:00:00',53,'Delayed',7),(18,'FL1017','DFW','HND','2025-01-06 00:00:00','2025-05-27 00:00:00',64,'On-time',41),(19,'FL1018','ORD','DXB','2025-12-06 00:00:00','2025-05-14 00:00:00',73,'Delayed',72),(20,'FL1019','ATL','HND','2025-09-08 00:00:00','2025-05-23 00:00:00',15,'Delayed',9),(21,'FL1020','JFK','SIN','2025-02-11 00:00:00','2025-11-24 00:00:00',32,'Cancelled',1),(22,'FL1021','LAX','SIN','2025-07-07 00:00:00','2025-09-21 00:00:00',72,'Delayed',19),(23,'FL1022','JFK','SIN','2025-06-22 00:00:00','2025-05-26 00:00:00',40,'Delayed',1),(24,'FL1023','JFK','LHR','2025-05-11 00:00:00','2025-04-29 00:00:00',92,'On-time',3),(25,'FL1024','LAX','HND','2025-05-12 00:00:00','2025-09-12 00:00:00',48,'Delayed',4),(26,'FL1025','DFW','SIN','2025-07-03 00:00:00','2025-06-24 00:00:00',96,'Delayed',16),(27,'FL1026','LAX','DXB','2025-02-21 00:00:00','2025-07-04 00:00:00',93,'Cancelled',30),(28,'FL1027','DFW','HND','2025-08-02 00:00:00','2025-12-02 00:00:00',4,'Cancelled',41),(29,'FL1028','ORD','SIN','2025-03-30 00:00:00','2025-02-12 00:00:00',66,'Cancelled',22),(30,'FL1029','LAX','SIN','2025-02-02 00:00:00','2025-01-12 00:00:00',44,'Cancelled',19),(31,'FL1030','ORD','LHR','2025-03-24 00:00:00','2025-08-15 00:00:00',26,'Delayed',54),(32,'FL1031','DFW','HND','2025-06-20 00:00:00','2025-11-06 00:00:00',28,'On-time',41),(33,'FL1032','JFK','HND','2025-07-17 00:00:00','2025-04-25 00:00:00',41,'Delayed',2),(34,'FL1033','ATL','HND','2025-06-22 00:00:00','2025-07-18 00:00:00',92,'Delayed',9),(35,'FL1034','DFW','SIN','2025-03-02 00:00:00','2025-11-29 00:00:00',35,'Delayed',16),(36,'FL1035','ATL','LHR','2025-07-03 00:00:00','2025-03-12 00:00:00',16,'Delayed',28),(37,'FL1036','ORD','DXB','2025-06-09 00:00:00','2025-10-06 00:00:00',28,'Cancelled',72),(38,'FL1037','JFK','LHR','2025-08-04 00:00:00','2025-10-01 00:00:00',72,'Cancelled',3),(39,'FL1038','ATL','LHR','2025-09-24 00:00:00','2025-12-21 00:00:00',43,'On-time',28),(40,'FL1039','DFW','HND','2025-02-18 00:00:00','2025-10-07 00:00:00',27,'Delayed',41),(41,'FL1040','LAX','DXB','2025-08-24 00:00:00','2025-06-20 00:00:00',81,'On-time',30),(42,'FL1041','ATL','DXB','2025-05-16 00:00:00','2025-03-11 00:00:00',100,'Cancelled',5),(43,'FL1042','LAX','SIN','2025-01-11 00:00:00','2025-06-06 00:00:00',96,'Cancelled',19),(44,'FL1043','DFW','HND','2025-03-22 00:00:00','2025-08-23 00:00:00',63,'Cancelled',41),(45,'FL1044','LAX','HND','2025-02-04 00:00:00','2025-02-28 00:00:00',21,'Cancelled',4),(46,'FL1045','ATL','DXB','2025-01-10 00:00:00','2025-09-01 00:00:00',19,'Delayed',5),(47,'FL1046','DFW','SIN','2025-08-18 00:00:00','2025-07-23 00:00:00',73,'Delayed',16),(48,'FL1047','DFW','SIN','2025-08-13 00:00:00','2025-08-07 00:00:00',88,'On-time',16),(49,'FL1048','ORD','SIN','2025-07-01 00:00:00','2025-02-08 00:00:00',75,'Delayed',22),(50,'FL1049','DFW','HND','2025-05-17 00:00:00','2025-03-02 00:00:00',83,'On-time',41),(51,'FL1050','ORD','SIN','2025-12-07 00:00:00','2025-02-17 00:00:00',74,'Cancelled',22),(52,'FL1051','ORD','LHR','2025-08-03 00:00:00','2025-01-15 00:00:00',53,'Cancelled',54),(53,'FL1052','ORD','SIN','2025-12-06 00:00:00','2025-05-28 00:00:00',30,'Delayed',22),(54,'FL1053','LAX','DXB','2025-07-21 00:00:00','2025-02-21 00:00:00',44,'Delayed',30),(55,'FL1054','DFW','LHR','2025-09-27 00:00:00','2025-04-30 00:00:00',43,'Cancelled',25),(56,'FL1055','ATL','HND','2025-08-16 00:00:00','2025-08-21 00:00:00',63,'Delayed',9),(57,'FL1056','DFW','DXB','2025-12-10 00:00:00','2025-12-13 00:00:00',59,'On-time',11),(58,'FL1057','ATL','DXB','2025-12-06 00:00:00','2025-06-17 00:00:00',39,'On-time',5),(59,'FL1058','ATL','LHR','2025-05-08 00:00:00','2025-02-20 00:00:00',87,'Delayed',28),(60,'FL1059','LAX','LHR','2025-12-22 00:00:00','2025-12-05 00:00:00',52,'Delayed',37),(61,'FL1060','JFK','SIN','2025-04-15 00:00:00','2025-05-28 00:00:00',16,'Cancelled',1),(62,'FL1061','ORD','SIN','2025-12-01 00:00:00','2025-01-26 00:00:00',63,'On-time',22),(63,'FL1062','ATL','CDG','2025-01-29 00:00:00','2025-12-06 00:00:00',58,'Delayed',10),(64,'FL1063','ATL','DXB','2025-08-17 00:00:00','2025-07-31 00:00:00',9,'On-time',5),(65,'FL1064','ORD','SIN','2025-01-21 00:00:00','2025-12-07 00:00:00',1,'On-time',22),(66,'FL1065','JFK','CDG','2025-12-09 00:00:00','2025-03-19 00:00:00',29,'Delayed',8),(67,'FL1066','LAX','LHR','2025-07-16 00:00:00','2025-11-24 00:00:00',95,'Cancelled',37),(68,'FL1067','DFW','SIN','2025-10-05 00:00:00','2025-07-09 00:00:00',77,'On-time',16),(69,'FL1068','LAX','CDG','2025-02-02 00:00:00','2025-03-17 00:00:00',15,'Cancelled',6),(70,'FL1069','DFW','HND','2025-06-24 00:00:00','2025-08-14 00:00:00',51,'Cancelled',41),(71,'FL1070','ATL','DXB','2025-09-13 00:00:00','2025-05-27 00:00:00',28,'Delayed',5),(72,'FL1071','JFK','SIN','2025-03-23 00:00:00','2025-01-06 00:00:00',7,'Cancelled',1),(73,'FL1072','LAX','SIN','2025-05-24 00:00:00','2025-02-06 00:00:00',63,'Delayed',19),(74,'FL1073','ORD','DXB','2025-10-16 00:00:00','2025-01-05 00:00:00',11,'On-time',72),(75,'FL1074','ORD','LHR','2025-04-20 00:00:00','2025-02-22 00:00:00',95,'On-time',54),(76,'FL1075','LAX','HND','2025-06-12 00:00:00','2025-03-26 00:00:00',63,'Cancelled',4),(77,'FL1076','ORD','LHR','2025-11-17 00:00:00','2025-03-07 00:00:00',30,'Delayed',54),(78,'FL1077','ATL','CDG','2025-04-11 00:00:00','2025-01-20 00:00:00',98,'On-time',10),(79,'FL1078','JFK','DXB','2025-04-23 00:00:00','2025-03-09 00:00:00',95,'On-time',12),(80,'FL1079','LAX','LHR','2025-09-26 00:00:00','2025-03-24 00:00:00',54,'On-time',37),(81,'FL1080','ORD','LHR','2025-06-09 00:00:00','2025-07-13 00:00:00',74,'On-time',54),(82,'FL1081','LAX','CDG','2025-06-09 00:00:00','2025-07-23 00:00:00',29,'Cancelled',6),(83,'FL1082','JFK','SIN','2025-01-04 00:00:00','2025-05-28 00:00:00',99,'On-time',1),(84,'FL1083','ORD','HND','2025-10-02 00:00:00','2025-11-01 00:00:00',77,'On-time',14),(85,'FL1084','ATL','HND','2025-10-07 00:00:00','2025-03-05 00:00:00',2,'Delayed',9),(86,'FL1085','ORD','LHR','2025-05-10 00:00:00','2025-04-23 00:00:00',50,'Cancelled',54),(87,'FL1086','DFW','CDG','2025-10-01 00:00:00','2025-06-13 00:00:00',32,'On-time',27),(88,'FL1087','LAX','CDG','2025-03-08 00:00:00','2025-08-17 00:00:00',68,'Delayed',6),(89,'FL1088','ORD','HND','2025-02-01 00:00:00','2025-01-17 00:00:00',85,'On-time',14),(90,'FL1089','ORD','LHR','2025-02-25 00:00:00','2025-03-19 00:00:00',99,'On-time',54),(91,'FL1090','LAX','SIN','2025-07-31 00:00:00','2025-11-15 00:00:00',29,'Cancelled',19),(92,'FL1091','LAX','SIN','2025-07-22 00:00:00','2025-04-23 00:00:00',79,'Delayed',19),(93,'FL1092','ORD','HND','2025-10-21 00:00:00','2025-07-22 00:00:00',42,'On-time',14),(94,'FL1093','LAX','HND','2025-11-30 00:00:00','2025-08-16 00:00:00',93,'On-time',4),(95,'FL1094','LAX','DXB','2025-08-02 00:00:00','2025-04-20 00:00:00',24,'Delayed',30),(96,'FL1095','ORD','LHR','2025-07-09 00:00:00','2025-12-16 00:00:00',69,'On-time',54),(97,'FL1096','ATL','HND','2025-11-26 00:00:00','2025-06-10 00:00:00',50,'On-time',9),(98,'FL1097','LAX','LHR','2025-05-26 00:00:00','2025-07-13 00:00:00',42,'Cancelled',37),(99,'FL1098','JFK','LHR','2025-07-17 00:00:00','2025-10-09 00:00:00',62,'Delayed',3),(100,'FL1099','JFK','CDG','2025-04-18 00:00:00','2025-06-10 00:00:00',75,'On-time',8),(101,'FL1100','ORD','HND','2025-12-09 00:00:00','2025-01-04 00:00:00',32,'Delayed',14),(102,'FL1101','DFW','DXB','2025-06-09 00:00:00','2025-01-04 00:00:00',73,'Cancelled',11),(103,'FL1102','LAX','LHR','2025-11-17 00:00:00','2025-05-28 00:00:00',30,'Delayed',37),(104,'FL1103','ORD','HND','2025-06-13 00:00:00','2025-09-07 00:00:00',45,'Delayed',14),(105,'FL1104','LAX','SIN','2025-03-06 00:00:00','2025-07-06 00:00:00',82,'Cancelled',19),(106,'FL1105','ATL','DXB','2025-06-04 00:00:00','2025-04-22 00:00:00',6,'On-time',5),(107,'FL1106','ORD','DXB','2025-10-23 00:00:00','2025-04-25 00:00:00',40,'On-time',72),(108,'FL1107','ORD','LHR','2025-06-24 00:00:00','2025-10-29 00:00:00',27,'Delayed',54),(109,'FL1108','ATL','SIN','2025-08-13 00:00:00','2025-05-23 00:00:00',69,'Delayed',7),(110,'FL1109','JFK','SIN','2025-10-11 00:00:00','2025-07-15 00:00:00',19,'Delayed',1),(111,'FL1110','ORD','CDG','2025-02-13 00:00:00','2025-05-08 00:00:00',7,'Cancelled',49),(112,'FL1111','ATL','LHR','2025-02-04 00:00:00','2025-10-26 00:00:00',38,'Delayed',28),(113,'FL1112','JFK','CDG','2025-07-12 00:00:00','2025-07-25 00:00:00',16,'On-time',8),(114,'FL1113','LAX','HND','2025-11-24 00:00:00','2025-12-24 00:00:00',3,'Cancelled',4),(115,'FL1114','ATL','LHR','2025-02-21 00:00:00','2025-10-14 00:00:00',81,'Delayed',28),(116,'FL1115','ATL','LHR','2025-09-14 00:00:00','2025-12-08 00:00:00',23,'Delayed',28),(117,'FL1116','LAX','HND','2025-01-06 00:00:00','2025-08-07 00:00:00',63,'Cancelled',4),(118,'FL1117','LAX','DXB','2025-03-08 00:00:00','2025-08-02 00:00:00',96,'Delayed',30),(119,'FL1118','ORD','HND','2025-08-01 00:00:00','2025-12-15 00:00:00',6,'Cancelled',14),(120,'FL1119','JFK','DXB','2025-12-11 00:00:00','2025-01-17 00:00:00',36,'Cancelled',12),(121,'FL1120','ORD','HND','2025-02-19 00:00:00','2025-11-21 00:00:00',88,'Cancelled',14),(122,'FL1121','ORD','CDG','2025-08-14 00:00:00','2025-01-26 00:00:00',71,'Cancelled',49),(123,'FL1122','ORD','DXB','2025-01-02 00:00:00','2025-06-21 00:00:00',24,'On-time',72),(124,'FL1123','LAX','DXB','2025-06-02 00:00:00','2025-08-26 00:00:00',65,'On-time',30),(125,'FL1124','JFK','DXB','2025-04-26 00:00:00','2025-07-29 00:00:00',36,'Delayed',12),(126,'FL1125','JFK','DXB','2025-03-07 00:00:00','2025-04-04 00:00:00',52,'Delayed',12),(127,'FL1126','ORD','LHR','2025-05-19 00:00:00','2025-09-22 00:00:00',98,'Delayed',54),(128,'FL1127','JFK','CDG','2025-05-29 00:00:00','2025-12-23 00:00:00',52,'On-time',8),(129,'FL1128','ATL','SIN','2025-06-25 00:00:00','2025-07-28 00:00:00',11,'Cancelled',7),(130,'FL1129','DFW','LHR','2025-01-03 00:00:00','2025-05-03 00:00:00',65,'Delayed',25),(131,'FL1130','LAX','HND','2025-12-05 00:00:00','2025-12-01 00:00:00',20,'Cancelled',4),(132,'FL1131','LAX','HND','2025-03-02 00:00:00','2025-07-18 00:00:00',94,'On-time',4),(133,'FL1132','ATL','DXB','2025-05-24 00:00:00','2025-03-14 00:00:00',74,'Delayed',5),(134,'FL1133','ATL','CDG','2025-08-10 00:00:00','2025-09-26 00:00:00',17,'Cancelled',10),(135,'FL1134','LAX','CDG','2025-10-05 00:00:00','2025-03-10 00:00:00',1,'Cancelled',6),(136,'FL1135','ORD','DXB','2025-06-19 00:00:00','2025-04-25 00:00:00',50,'Delayed',72),(137,'FL1136','ATL','SIN','2025-07-02 00:00:00','2025-04-03 00:00:00',2,'Cancelled',7),(138,'FL1137','ORD','HND','2025-08-27 00:00:00','2025-08-04 00:00:00',90,'On-time',14),(139,'FL1138','LAX','SIN','2025-09-11 00:00:00','2025-12-09 00:00:00',81,'Delayed',19),(140,'FL1139','LAX','DXB','2025-07-30 00:00:00','2025-06-13 00:00:00',4,'Delayed',30),(141,'FL1140','JFK','DXB','2025-02-16 00:00:00','2025-03-12 00:00:00',33,'On-time',12),(142,'FL1141','JFK','CDG','2025-11-04 00:00:00','2025-01-08 00:00:00',39,'Delayed',8),(143,'FL1142','ATL','HND','2025-10-21 00:00:00','2025-07-29 00:00:00',66,'On-time',9),(144,'FL1143','DFW','CDG','2025-03-04 00:00:00','2025-04-19 00:00:00',76,'Cancelled',27),(145,'FL1144','ORD','LHR','2025-04-24 00:00:00','2025-03-03 00:00:00',62,'On-time',54),(146,'FL1145','DFW','CDG','2025-07-26 00:00:00','2025-12-30 00:00:00',27,'Delayed',27),(147,'FL1146','DFW','CDG','2025-09-22 00:00:00','2025-04-20 00:00:00',44,'Delayed',27),(148,'FL1147','ORD','DXB','2025-11-08 00:00:00','2025-03-28 00:00:00',11,'On-time',72),(149,'FL1148','ATL','DXB','2025-10-21 00:00:00','2025-09-18 00:00:00',56,'On-time',5),(150,'FL1149','ATL','CDG','2025-09-16 00:00:00','2025-10-12 00:00:00',95,'On-time',10),(151,'FL1150','ORD','SIN','2025-12-28 00:00:00','2025-11-10 00:00:00',76,'Cancelled',22),(152,'FL1151','JFK','SIN','2025-05-30 00:00:00','2025-07-23 00:00:00',24,'Cancelled',1),(153,'FL1152','ORD','CDG','2025-02-10 00:00:00','2025-01-09 00:00:00',55,'On-time',49),(154,'FL1153','LAX','DXB','2025-09-18 00:00:00','2025-05-13 00:00:00',96,'Delayed',30),(155,'FL1154','ATL','HND','2025-01-05 00:00:00','2025-03-18 00:00:00',24,'Delayed',9),(156,'FL1155','LAX','DXB','2025-01-30 00:00:00','2025-01-20 00:00:00',45,'Cancelled',30),(157,'FL1156','JFK','LHR','2025-10-08 00:00:00','2025-07-28 00:00:00',50,'Cancelled',3),(158,'FL1157','DFW','CDG','2025-07-07 00:00:00','2025-07-26 00:00:00',66,'Delayed',27),(159,'FL1158','LAX','SIN','2025-08-07 00:00:00','2025-05-23 00:00:00',16,'Delayed',19),(160,'FL1159','JFK','SIN','2025-10-21 00:00:00','2025-03-03 00:00:00',7,'Delayed',1),(161,'FL1160','JFK','DXB','2025-04-11 00:00:00','2025-07-03 00:00:00',25,'Cancelled',12),(162,'FL1161','ATL','DXB','2025-07-22 00:00:00','2025-02-27 00:00:00',86,'Delayed',5),(163,'FL1162','JFK','HND','2025-08-10 00:00:00','2025-03-24 00:00:00',83,'On-time',2),(164,'FL1163','JFK','SIN','2025-03-19 00:00:00','2025-11-13 00:00:00',1,'Cancelled',1),(165,'FL1164','ATL','CDG','2025-08-06 00:00:00','2025-11-06 00:00:00',43,'Delayed',10),(166,'FL1165','DFW','CDG','2025-12-13 00:00:00','2025-06-06 00:00:00',82,'Cancelled',27),(167,'FL1166','ATL','SIN','2025-06-22 00:00:00','2025-08-03 00:00:00',38,'Delayed',7),(168,'FL1167','ORD','SIN','2025-08-30 00:00:00','2025-09-25 00:00:00',70,'Delayed',22),(169,'FL1168','ORD','SIN','2025-04-05 00:00:00','2025-06-20 00:00:00',43,'Cancelled',22),(170,'FL1169','JFK','DXB','2025-10-15 00:00:00','2025-11-20 00:00:00',35,'Delayed',12),(171,'FL1170','ORD','HND','2025-04-28 00:00:00','2025-11-21 00:00:00',26,'Cancelled',14),(172,'FL1171','LAX','DXB','2025-07-14 00:00:00','2025-01-02 00:00:00',57,'On-time',30),(173,'FL1172','LAX','LHR','2025-04-20 00:00:00','2025-03-15 00:00:00',78,'Cancelled',37),(174,'FL1173','DFW','LHR','2025-08-08 00:00:00','2025-09-23 00:00:00',24,'Delayed',25),(175,'FL1174','DFW','LHR','2025-04-27 00:00:00','2025-09-17 00:00:00',53,'On-time',25),(176,'FL1175','DFW','CDG','2025-05-24 00:00:00','2025-02-19 00:00:00',70,'Delayed',27),(177,'FL1176','LAX','DXB','2025-01-23 00:00:00','2025-10-17 00:00:00',29,'Cancelled',30),(178,'FL1177','JFK','CDG','2025-08-14 00:00:00','2025-06-15 00:00:00',8,'Cancelled',8),(179,'FL1178','ATL','HND','2025-07-24 00:00:00','2025-10-30 00:00:00',11,'Delayed',9),(180,'FL1179','ORD','CDG','2025-12-14 00:00:00','2025-11-17 00:00:00',80,'On-time',49),(181,'FL1180','ATL','HND','2025-12-08 00:00:00','2025-04-02 00:00:00',48,'On-time',9),(182,'FL1181','DFW','HND','2025-05-15 00:00:00','2025-05-18 00:00:00',81,'Cancelled',41),(183,'FL1182','LAX','HND','2025-07-25 00:00:00','2025-05-11 00:00:00',8,'Cancelled',4),(184,'FL1183','LAX','CDG','2025-12-12 00:00:00','2025-05-12 00:00:00',69,'On-time',6),(185,'FL1184','ATL','CDG','2025-09-08 00:00:00','2025-08-17 00:00:00',47,'Cancelled',10),(186,'FL1185','LAX','LHR','2025-02-11 00:00:00','2025-02-13 00:00:00',96,'Cancelled',37),(187,'FL1186','ORD','HND','2025-08-05 00:00:00','2025-11-05 00:00:00',2,'Delayed',14),(188,'FL1187','JFK','DXB','2025-01-11 00:00:00','2025-10-23 00:00:00',83,'Delayed',12),(189,'FL1188','LAX','SIN','2025-10-18 00:00:00','2025-06-16 00:00:00',96,'On-time',19),(190,'FL1189','ORD','HND','2025-09-07 00:00:00','2025-02-18 00:00:00',62,'On-time',14),(191,'FL1190','ATL','CDG','2025-02-04 00:00:00','2025-05-21 00:00:00',68,'Cancelled',10),(192,'FL1191','ORD','LHR','2025-12-27 00:00:00','2025-02-16 00:00:00',53,'On-time',54),(193,'FL1192','ORD','SIN','2025-11-05 00:00:00','2025-09-08 00:00:00',72,'On-time',22),(194,'FL1193','DFW','LHR','2025-11-05 00:00:00','2025-11-02 00:00:00',94,'On-time',25),(195,'FL1194','ATL','HND','2025-10-27 00:00:00','2025-07-09 00:00:00',82,'On-time',9),(196,'FL1195','LAX','DXB','2025-03-04 00:00:00','2025-12-02 00:00:00',84,'Cancelled',30),(197,'FL1196','JFK','DXB','2025-07-07 00:00:00','2025-08-26 00:00:00',80,'Delayed',12),(198,'FL1197','ATL','LHR','2025-06-11 00:00:00','2025-10-07 00:00:00',18,'On-time',28),(199,'FL1198','LAX','LHR','2025-09-28 00:00:00','2025-01-04 00:00:00',25,'Delayed',37),(200,'FL1199','DFW','HND','2025-03-12 00:00:00','2025-01-30 00:00:00',2,'Delayed',41),(201,'FL1200','LAX','LHR','2025-02-10 00:00:00','2025-12-04 00:00:00',31,'Cancelled',37),(202,'FL1201','ORD','DXB','2025-07-01 00:00:00','2025-10-03 00:00:00',70,'Cancelled',72),(203,'FL1202','LAX','LHR','2025-02-22 00:00:00','2025-09-28 00:00:00',47,'On-time',37),(204,'FL1203','ORD','LHR','2025-01-24 00:00:00','2025-07-05 00:00:00',50,'On-time',54),(205,'FL1204','JFK','HND','2025-06-26 00:00:00','2025-03-26 00:00:00',6,'On-time',2),(206,'FL1205','ATL','HND','2025-02-11 00:00:00','2025-08-20 00:00:00',60,'Delayed',9),(207,'FL1206','JFK','SIN','2025-12-21 00:00:00','2025-05-04 00:00:00',69,'Delayed',1),(208,'FL1207','DFW','LHR','2025-07-15 00:00:00','2025-02-11 00:00:00',15,'On-time',25),(209,'FL1208','JFK','CDG','2025-04-01 00:00:00','2025-06-17 00:00:00',45,'Cancelled',8),(210,'FL1209','LAX','HND','2025-02-19 00:00:00','2025-05-02 00:00:00',2,'On-time',4),(211,'FL1210','ATL','LHR','2025-01-27 00:00:00','2025-01-06 00:00:00',44,'Cancelled',28),(212,'FL1211','LAX','LHR','2025-03-17 00:00:00','2025-09-05 00:00:00',73,'On-time',37),(213,'FL1212','ATL','SIN','2025-01-19 00:00:00','2025-01-18 00:00:00',26,'Cancelled',7),(214,'FL1213','JFK','DXB','2025-02-15 00:00:00','2025-08-02 00:00:00',76,'On-time',12),(215,'FL1214','DFW','CDG','2025-08-24 00:00:00','2025-12-13 00:00:00',27,'Cancelled',27),(216,'FL1215','ATL','HND','2025-10-06 00:00:00','2025-10-05 00:00:00',23,'Delayed',9),(217,'FL1216','ORD','DXB','2025-01-08 00:00:00','2025-05-26 00:00:00',30,'On-time',72),(218,'FL1217','LAX','SIN','2025-09-26 00:00:00','2025-04-22 00:00:00',99,'Delayed',19),(219,'FL1218','JFK','DXB','2025-09-28 00:00:00','2025-08-13 00:00:00',100,'Delayed',12),(220,'FL1219','ATL','SIN','2025-12-08 00:00:00','2025-09-07 00:00:00',29,'Delayed',7),(221,'FL1220','DFW','LHR','2025-10-25 00:00:00','2025-06-01 00:00:00',39,'Cancelled',25),(222,'FL1221','ORD','DXB','2025-03-01 00:00:00','2025-10-11 00:00:00',67,'On-time',72),(223,'FL1222','ATL','DXB','2025-02-26 00:00:00','2025-10-26 00:00:00',86,'Cancelled',5),(224,'FL1223','LAX','HND','2025-05-19 00:00:00','2025-08-19 00:00:00',90,'Delayed',4),(225,'FL1224','JFK','HND','2025-05-08 00:00:00','2025-01-21 00:00:00',50,'Delayed',2),(226,'FL1225','ATL','HND','2025-08-12 00:00:00','2025-10-28 00:00:00',42,'Delayed',9),(227,'FL1226','ORD','SIN','2025-11-23 00:00:00','2025-06-14 00:00:00',54,'Cancelled',22),(228,'FL1227','JFK','LHR','2025-03-29 00:00:00','2025-11-23 00:00:00',53,'Delayed',3),(229,'FL1228','DFW','HND','2025-08-16 00:00:00','2025-10-04 00:00:00',27,'On-time',41),(230,'FL1229','JFK','DXB','2025-09-11 00:00:00','2025-02-10 00:00:00',56,'Delayed',12),(231,'FL1230','DFW','CDG','2025-08-15 00:00:00','2025-05-12 00:00:00',58,'Delayed',27),(232,'FL1231','DFW','DXB','2025-02-27 00:00:00','2025-05-11 00:00:00',46,'Cancelled',11),(233,'FL1232','LAX','LHR','2025-12-30 00:00:00','2025-10-04 00:00:00',79,'On-time',37),(234,'FL1233','ATL','HND','2025-05-07 00:00:00','2025-12-02 00:00:00',62,'Cancelled',9),(235,'FL1234','JFK','DXB','2025-09-27 00:00:00','2025-07-29 00:00:00',10,'On-time',12),(236,'FL1235','DFW','HND','2025-04-14 00:00:00','2025-02-13 00:00:00',46,'On-time',41),(237,'FL1236','ORD','CDG','2025-03-01 00:00:00','2025-06-04 00:00:00',63,'Cancelled',49),(238,'FL1237','ATL','CDG','2025-06-11 00:00:00','2025-02-10 00:00:00',60,'Cancelled',10),(239,'FL1238','ATL','HND','2025-08-07 00:00:00','2025-06-22 00:00:00',32,'Delayed',9),(240,'FL1239','ATL','DXB','2025-12-16 00:00:00','2025-10-03 00:00:00',17,'Cancelled',5),(241,'FL1240','JFK','HND','2025-11-28 00:00:00','2025-08-17 00:00:00',78,'On-time',2),(242,'FL1241','LAX','CDG','2025-09-01 00:00:00','2025-01-31 00:00:00',35,'Delayed',6),(243,'FL1242','LAX','LHR','2025-04-08 00:00:00','2025-02-05 00:00:00',84,'Cancelled',37),(244,'FL1243','ORD','DXB','2025-07-06 00:00:00','2025-03-15 00:00:00',40,'Delayed',72),(245,'FL1244','ATL','LHR','2025-12-12 00:00:00','2025-06-20 00:00:00',97,'On-time',28),(246,'FL1245','ORD','LHR','2025-11-24 00:00:00','2025-01-03 00:00:00',71,'On-time',54),(247,'FL1246','ORD','DXB','2025-06-03 00:00:00','2025-11-28 00:00:00',95,'Cancelled',72),(248,'FL1247','DFW','SIN','2025-04-29 00:00:00','2025-09-04 00:00:00',16,'Cancelled',16),(249,'FL1248','JFK','LHR','2025-01-18 00:00:00','2025-03-19 00:00:00',77,'Delayed',3),(250,'FL1249','ORD','CDG','2025-01-30 00:00:00','2025-10-04 00:00:00',55,'Delayed',49);
/*!40000 ALTER TABLE `flights` ENABLE KEYS */;
UNLOCK TABLES;

--
-- Table structure for table `maintenance`
--

DROP TABLE IF EXISTS `maintenance`;
/*!40101 SET @saved_cs_client     = @@character_set_client */;
/*!50503 SET character_set_client = utf8mb4 */;
CREATE TABLE `maintenance` (
  `Maintenance_ID` int NOT NULL AUTO_INCREMENT,
  `Aircraft_ID` int NOT NULL,
  `Maintenance_Type` enum('Routine','Repair') DEFAULT NULL,
  `Maintenance_Date` date DEFAULT NULL,
  `Next_Maintenance_Due` date DEFAULT NULL,
  `Technician_ID` int NOT NULL,
  PRIMARY KEY (`Maintenance_ID`),
  KEY `Aircraft_ID` (`Aircraft_ID`),
  KEY `FK_Technician` (`Technician_ID`),
  CONSTRAINT `FK_Technician` FOREIGN KEY (`Technician_ID`) REFERENCES `employees` (`Employee_ID`),
  CONSTRAINT `maintenance_ibfk_1` FOREIGN KEY (`Aircraft_ID`) REFERENCES `aircraft` (`Aircraft_ID`)
) ENGINE=InnoDB AUTO_INCREMENT=251 DEFAULT CHARSET=utf8mb4 COLLATE=utf8mb4_0900_ai_ci;
/*!40101 SET character_set_client = @saved_cs_client */;

--
-- Dumping data for table `maintenance`
--

LOCK TABLES `maintenance` WRITE;
/*!40000 ALTER TABLE `maintenance` DISABLE KEYS */;
INSERT INTO `maintenance` VALUES (1,85,'Routine','2024-07-05','2025-04-26',64),(2,11,'Routine','2024-09-01','2025-06-02',145),(3,1,'Routine','2024-11-18','2025-12-16',180),(4,77,'Repair','2024-03-30','2025-03-02',229),(5,27,'Repair','2024-01-09','2025-03-24',226),(6,100,'Repair','2024-04-29','2025-06-24',95),(7,89,'Repair','2024-04-04','2025-09-30',249),(8,53,'Repair','2024-01-21','2025-07-01',98),(9,75,'Routine','2024-08-14','2025-08-14',243),(10,33,'Routine','2024-04-23','2025-10-19',181),(11,43,'Repair','2024-05-22','2025-12-24',106),(12,81,'Routine','2024-06-23','2025-03-20',73),(13,40,'Repair','2024-01-05','2025-11-28',85),(14,55,'Routine','2024-11-18','2025-04-23',106),(15,54,'Repair','2024-04-14','2025-11-22',47),(16,84,'Routine','2024-04-14','2025-07-19',23),(17,51,'Repair','2024-07-06','2025-09-04',187),(18,26,'Routine','2024-01-05','2025-06-17',75),(19,2,'Repair','2024-08-05','2025-08-16',37),(20,6,'Repair','2024-10-23','2025-12-17',36),(21,22,'Repair','2024-05-20','2025-12-07',188),(22,15,'Routine','2024-07-24','2025-07-19',57),(23,81,'Routine','2024-04-26','2025-10-05',121),(24,72,'Repair','2024-05-11','2025-12-30',197),(25,11,'Repair','2024-10-18','2025-12-22',16),(26,71,'Repair','2024-07-03','2025-12-07',55),(27,22,'Routine','2024-12-15','2025-07-06',197),(28,36,'Routine','2024-05-29','2025-05-19',188),(29,8,'Routine','2024-11-05','2025-03-20',86),(30,55,'Repair','2024-08-27','2025-09-30',242),(31,78,'Repair','2024-04-13','2025-05-26',34),(32,31,'Repair','2024-06-16','2025-12-22',172),(33,34,'Routine','2024-01-05','2025-06-12',97),(34,19,'Routine','2024-07-22','2025-06-05',229),(35,23,'Routine','2024-01-01','2025-11-15',53),(36,72,'Routine','2024-04-05','2025-12-04',139),(37,46,'Repair','2024-11-29','2025-11-27',22),(38,3,'Routine','2024-03-24','2025-11-19',107),(39,83,'Repair','2024-06-03','2025-05-17',33),(40,7,'Repair','2024-09-23','2025-05-14',240),(41,51,'Repair','2024-10-20','2025-02-13',240),(42,44,'Routine','2024-12-15','2025-05-20',122),(43,69,'Repair','2024-09-01','2025-10-01',97),(44,52,'Routine','2024-12-23','2025-08-02',188),(45,21,'Routine','2024-04-11','2025-08-17',238),(46,28,'Routine','2024-04-03','2025-11-13',171),(47,72,'Routine','2024-09-10','2025-04-14',151),(48,74,'Routine','2024-09-30','2025-04-23',194),(49,83,'Routine','2024-05-17','2025-07-04',40),(50,46,'Repair','2024-06-02','2025-08-12',35),(51,88,'Routine','2024-04-25','2025-09-10',117),(52,39,'Routine','2024-08-07','2025-07-10',109),(53,38,'Routine','2024-02-19','2025-12-06',40),(54,21,'Repair','2024-11-19','2025-03-04',239),(55,97,'Routine','2024-05-21','2025-08-02',158),(56,58,'Repair','2024-03-14','2025-06-27',20),(57,76,'Repair','2024-04-21','2025-05-18',60),(58,19,'Routine','2024-10-28','2025-09-13',81),(59,56,'Routine','2024-03-07','2025-11-20',179),(60,85,'Repair','2024-02-09','2025-07-17',88),(61,6,'Routine','2024-01-22','2025-07-25',41),(62,6,'Routine','2024-01-26','2025-07-14',96),(63,51,'Repair','2024-12-12','2025-02-26',83),(64,43,'Routine','2024-12-04','2025-09-01',125),(65,2,'Routine','2024-05-25','2025-11-13',133),(66,52,'Routine','2024-09-07','2025-09-29',153),(67,24,'Routine','2024-05-18','2025-10-13',128),(68,41,'Routine','2024-07-22','2025-06-05',75),(69,66,'Routine','2024-01-09','2025-11-16',123),(70,2,'Repair','2024-09-27','2025-03-15',198),(71,63,'Routine','2024-11-19','2025-11-20',220),(72,27,'Routine','2024-06-11','2025-11-03',159),(73,1,'Repair','2024-09-05','2025-09-21',94),(74,83,'Repair','2024-03-23','2025-09-11',56),(75,77,'Routine','2024-01-21','2025-11-15',177),(76,26,'Repair','2024-01-09','2025-12-21',102),(77,28,'Routine','2024-03-12','2025-12-02',218),(78,26,'Routine','2024-09-08','2025-03-30',158),(79,25,'Routine','2024-03-13','2025-07-11',149),(80,84,'Repair','2024-12-06','2025-09-23',151),(81,78,'Repair','2024-11-11','2025-11-03',184),(82,68,'Repair','2024-03-29','2025-10-20',112),(83,26,'Routine','2024-10-22','2025-04-12',110),(84,78,'Repair','2024-03-11','2025-07-26',240),(85,54,'Repair','2024-02-13','2025-08-15',180),(86,35,'Repair','2024-01-25','2025-09-27',156),(87,5,'Repair','2024-11-06','2025-12-07',142),(88,63,'Routine','2024-03-18','2025-06-24',206),(89,87,'Routine','2024-08-19','2025-08-03',153),(90,64,'Repair','2024-07-17','2025-05-03',239),(91,26,'Routine','2024-12-10','2025-03-04',37),(92,56,'Repair','2024-05-03','2025-08-17',44),(93,78,'Repair','2024-12-07','2025-06-30',202),(94,10,'Routine','2024-07-14','2025-04-21',208),(95,35,'Routine','2024-12-05','2025-06-22',165),(96,84,'Routine','2024-03-05','2025-08-19',154),(97,70,'Routine','2024-09-14','2025-05-09',215),(98,50,'Routine','2024-10-08','2025-03-05',147),(99,25,'Routine','2024-05-16','2025-03-05',223),(100,20,'Repair','2024-11-29','2025-11-08',227),(101,18,'Repair','2024-12-24','2025-04-23',17),(102,29,'Repair','2024-11-28','2025-10-25',74),(103,97,'Repair','2024-04-23','2025-07-14',60),(104,68,'Repair','2024-05-09','2025-10-26',76),(105,6,'Repair','2024-08-14','2025-08-19',199),(106,75,'Routine','2024-01-30','2025-02-27',137),(107,60,'Repair','2024-06-03','2025-08-05',201),(108,72,'Routine','2024-12-12','2025-06-12',59),(109,8,'Routine','2024-12-10','2025-03-30',80),(110,58,'Repair','2024-09-15','2025-07-14',173),(111,99,'Routine','2024-07-23','2025-04-27',233),(112,15,'Repair','2024-01-21','2025-04-10',115),(113,37,'Routine','2024-01-15','2025-07-12',37),(114,47,'Repair','2024-02-12','2025-04-01',42),(115,61,'Repair','2024-08-27','2025-04-28',135),(116,81,'Routine','2024-07-25','2025-06-24',107),(117,98,'Routine','2024-08-23','2025-05-22',42),(118,35,'Repair','2024-03-08','2025-07-02',9),(119,9,'Repair','2024-03-22','2025-05-14',85),(120,35,'Repair','2024-04-24','2025-03-01',63),(121,61,'Repair','2024-02-10','2025-04-01',142),(122,29,'Routine','2024-09-20','2025-08-25',65),(123,48,'Repair','2024-05-30','2025-12-25',44),(124,16,'Routine','2024-09-25','2025-06-02',191),(125,79,'Routine','2024-05-29','2025-08-18',206),(126,73,'Routine','2024-08-27','2025-11-30',226),(127,31,'Repair','2024-09-17','2025-02-27',54),(128,72,'Repair','2024-06-21','2025-03-31',148),(129,19,'Repair','2024-06-08','2025-09-18',247),(130,7,'Routine','2024-04-03','2025-11-15',107),(131,49,'Routine','2024-11-24','2025-02-21',166),(132,76,'Repair','2024-11-10','2025-03-18',149),(133,14,'Repair','2024-07-06','2025-10-04',184),(134,11,'Repair','2024-01-04','2025-09-04',13),(135,17,'Repair','2024-03-23','2025-09-10',105),(136,81,'Repair','2024-02-04','2025-03-19',150),(137,57,'Repair','2024-05-12','2025-07-17',121),(138,12,'Repair','2024-06-11','2025-11-17',132),(139,13,'Routine','2024-09-19','2025-11-14',82),(140,63,'Routine','2024-03-26','2025-08-23',26),(141,9,'Repair','2024-01-09','2025-11-29',191),(142,39,'Routine','2024-04-17','2025-08-03',43),(143,49,'Repair','2024-12-05','2025-03-30',34),(144,34,'Routine','2024-12-09','2025-09-09',101),(145,48,'Routine','2024-07-28','2025-09-03',147),(146,2,'Routine','2024-02-22','2025-04-27',240),(147,70,'Repair','2024-09-14','2025-02-10',204),(148,38,'Repair','2024-03-20','2025-06-30',242),(149,56,'Routine','2024-04-19','2025-03-02',104),(150,55,'Routine','2024-12-30','2025-04-16',238),(151,2,'Repair','2024-04-10','2025-02-04',98),(152,99,'Routine','2024-04-27','2025-02-14',169),(153,39,'Repair','2024-08-01','2025-12-15',187),(154,97,'Repair','2024-04-12','2025-04-25',200),(155,72,'Routine','2024-09-24','2025-06-24',207),(156,9,'Repair','2024-05-17','2025-11-17',195),(157,19,'Repair','2024-11-09','2025-11-26',211),(158,49,'Routine','2024-02-23','2025-06-27',221),(159,60,'Routine','2024-10-11','2025-11-21',94),(160,79,'Routine','2024-04-04','2025-12-08',199),(161,81,'Routine','2024-07-11','2025-12-23',183),(162,71,'Repair','2024-06-29','2025-02-02',168),(163,13,'Repair','2024-07-11','2025-05-17',60),(164,25,'Routine','2024-03-19','2025-07-06',162),(165,46,'Repair','2024-02-16','2025-06-05',156),(166,45,'Repair','2024-11-02','2025-08-12',9),(167,84,'Repair','2024-01-01','2025-10-22',5),(168,50,'Repair','2024-10-29','2025-02-05',244),(169,23,'Repair','2024-04-27','2025-12-23',12),(170,24,'Routine','2024-07-08','2025-12-09',216),(171,15,'Repair','2024-09-09','2025-02-15',228),(172,43,'Repair','2024-01-02','2025-04-07',67),(173,16,'Routine','2024-04-24','2025-12-13',102),(174,28,'Routine','2024-09-13','2025-12-21',240),(175,82,'Routine','2024-05-23','2025-08-26',40),(176,47,'Routine','2024-04-24','2025-08-18',51),(177,9,'Routine','2024-06-09','2025-03-12',99),(178,55,'Repair','2024-07-26','2025-10-15',192),(179,43,'Repair','2024-02-09','2025-05-01',6),(180,92,'Repair','2024-08-31','2025-02-03',168),(181,8,'Repair','2024-08-23','2025-06-08',110),(182,48,'Routine','2024-09-14','2025-07-22',94),(183,69,'Routine','2024-03-06','2025-07-22',195),(184,4,'Routine','2024-08-06','2025-07-28',87),(185,15,'Repair','2024-03-07','2025-03-07',193),(186,22,'Routine','2024-03-08','2025-08-16',181),(187,95,'Routine','2024-12-23','2025-04-03',78),(188,76,'Repair','2024-11-05','2025-12-12',56),(189,76,'Repair','2024-05-12','2025-07-14',218),(190,7,'Routine','2024-11-20','2025-05-24',2),(191,19,'Routine','2024-12-30','2025-08-21',92),(192,6,'Routine','2024-11-03','2025-11-20',55),(193,41,'Routine','2024-12-31','2025-09-16',6),(194,99,'Repair','2024-06-04','2025-04-12',50),(195,87,'Repair','2024-01-17','2025-07-16',228),(196,2,'Repair','2024-10-25','2025-12-10',209),(197,6,'Repair','2024-10-29','2025-09-22',184),(198,63,'Repair','2024-08-11','2025-07-02',120),(199,38,'Repair','2024-10-26','2025-02-21',71),(200,9,'Routine','2024-12-18','2025-03-05',233),(201,80,'Routine','2024-06-11','2025-06-05',132),(202,66,'Routine','2024-01-06','2025-05-25',75),(203,82,'Repair','2024-04-09','2025-05-18',192),(204,51,'Repair','2024-10-07','2025-08-23',92),(205,42,'Repair','2024-07-05','2025-04-12',185),(206,55,'Repair','2024-11-30','2025-08-02',224),(207,54,'Repair','2024-05-20','2025-02-15',39),(208,62,'Repair','2024-01-02','2025-05-29',169),(209,47,'Repair','2024-11-12','2025-06-21',112),(210,53,'Routine','2024-07-13','2025-02-26',79),(211,24,'Routine','2024-06-04','2025-10-22',191),(212,84,'Repair','2024-04-13','2025-11-20',236),(213,61,'Routine','2024-07-06','2025-04-23',171),(214,90,'Routine','2024-07-13','2025-05-13',114),(215,91,'Routine','2024-06-14','2025-12-04',68),(216,24,'Repair','2024-12-28','2025-05-04',169),(217,34,'Repair','2024-09-08','2025-11-03',29),(218,17,'Repair','2024-10-23','2025-02-06',195),(219,24,'Repair','2024-02-05','2025-06-11',217),(220,89,'Repair','2024-08-26','2025-11-15',8),(221,9,'Routine','2024-04-30','2025-03-08',220),(222,19,'Repair','2024-06-04','2025-12-19',163),(223,6,'Repair','2024-10-28','2025-03-04',60),(224,52,'Routine','2024-11-20','2025-10-23',22),(225,73,'Routine','2024-06-18','2025-09-14',143),(226,6,'Repair','2024-07-22','2025-11-25',121),(227,62,'Repair','2024-05-15','2025-12-08',169),(228,55,'Routine','2024-05-17','2025-02-18',241),(229,55,'Routine','2024-11-11','2025-07-27',28),(230,95,'Routine','2024-05-25','2025-04-13',237),(231,91,'Repair','2024-03-10','2025-10-24',133),(232,7,'Repair','2024-03-18','2025-11-05',21),(233,47,'Repair','2024-10-24','2025-04-21',25),(234,9,'Routine','2024-11-12','2025-03-20',34),(235,17,'Repair','2024-12-12','2025-05-20',135),(236,79,'Repair','2024-05-11','2025-02-28',101),(237,5,'Routine','2024-02-12','2025-11-08',94),(238,21,'Repair','2024-04-16','2025-12-18',133),(239,46,'Routine','2024-09-06','2025-06-05',129),(240,1,'Repair','2024-07-13','2025-12-08',230),(241,16,'Repair','2024-03-10','2025-07-06',23),(242,78,'Routine','2024-08-29','2025-09-26',47),(243,7,'Repair','2024-07-14','2025-07-17',5),(244,21,'Repair','2024-10-07','2025-08-14',177),(245,25,'Repair','2024-05-11','2025-07-18',47),(246,38,'Routine','2024-05-01','2025-05-13',2),(247,77,'Repair','2024-12-19','2025-10-31',159),(248,90,'Repair','2024-03-13','2025-07-26',156),(249,62,'Routine','2024-10-27','2025-08-17',186),(250,7,'Repair','2024-05-01','2025-11-11',9);
/*!40000 ALTER TABLE `maintenance` ENABLE KEYS */;
UNLOCK TABLES;

--
-- Table structure for table `routes`
--

DROP TABLE IF EXISTS `routes`;
/*!40101 SET @saved_cs_client     = @@character_set_client */;
/*!50503 SET character_set_client = utf8mb4 */;
CREATE TABLE `routes` (
  `Route_ID` int NOT NULL AUTO_INCREMENT,
  `Origin_Airport` varchar(50) NOT NULL,
  `Destination_Airport` varchar(50) NOT NULL,
  `Distance` decimal(6,2) DEFAULT NULL,
  `Flight_Duration` time DEFAULT NULL,
  PRIMARY KEY (`Route_ID`)
) ENGINE=InnoDB AUTO_INCREMENT=251 DEFAULT CHARSET=utf8mb4 COLLATE=utf8mb4_0900_ai_ci;
/*!40101 SET character_set_client = @saved_cs_client */;

--
-- Dumping data for table `routes`
--

LOCK TABLES `routes` WRITE;
/*!40000 ALTER TABLE `routes` DISABLE KEYS */;
INSERT INTO `routes` VALUES (1,'JFK','SIN',8646.00,'17:23:00'),(2,'JFK','HND',8276.00,'06:11:00'),(3,'JFK','LHR',9574.00,'04:46:00'),(4,'LAX','HND',4318.00,'10:37:00'),(5,'ATL','DXB',1577.00,'12:45:00'),(6,'LAX','CDG',9759.00,'20:34:00'),(7,'ATL','SIN',3700.00,'20:19:00'),(8,'JFK','CDG',4908.00,'20:40:00'),(9,'ATL','HND',2709.00,'01:48:00'),(10,'ATL','CDG',2671.00,'07:35:00'),(11,'DFW','DXB',1595.00,'17:16:00'),(12,'JFK','DXB',7664.00,'10:14:00'),(13,'JFK','SIN',6736.00,'04:52:00'),(14,'ORD','HND',6543.00,'16:20:00'),(15,'ATL','CDG',8590.00,'18:50:00'),(16,'DFW','SIN',2020.00,'19:35:00'),(17,'ORD','HND',5611.00,'05:59:00'),(18,'ATL','DXB',4341.00,'18:41:00'),(19,'LAX','SIN',3627.00,'23:54:00'),(20,'JFK','DXB',5810.00,'07:41:00'),(21,'LAX','HND',883.00,'00:18:00'),(22,'ORD','SIN',9160.00,'23:17:00'),(23,'JFK','SIN',5374.00,'21:54:00'),(24,'JFK','LHR',1658.00,'20:51:00'),(25,'DFW','LHR',8248.00,'23:37:00'),(26,'ATL','SIN',7003.00,'06:47:00'),(27,'DFW','CDG',9763.00,'05:00:00'),(28,'ATL','LHR',830.00,'12:32:00'),(29,'JFK','SIN',6591.00,'11:16:00'),(30,'LAX','DXB',6169.00,'15:17:00'),(31,'JFK','HND',3471.00,'06:46:00'),(32,'DFW','CDG',6854.00,'14:57:00'),(33,'LAX','HND',6658.00,'21:31:00'),(34,'LAX','DXB',4778.00,'08:27:00'),(35,'LAX','SIN',6701.00,'11:20:00'),(36,'JFK','CDG',1971.00,'10:19:00'),(37,'LAX','LHR',4422.00,'13:12:00'),(38,'ATL','SIN',4415.00,'03:20:00'),(39,'ATL','DXB',9605.00,'20:56:00'),(40,'JFK','HND',7542.00,'17:41:00'),(41,'DFW','HND',4956.00,'11:27:00'),(42,'ATL','DXB',5590.00,'02:20:00'),(43,'ORD','SIN',2232.00,'06:12:00'),(44,'LAX','LHR',1878.00,'11:30:00'),(45,'ATL','LHR',3347.00,'20:46:00'),(46,'JFK','SIN',9479.00,'13:17:00'),(47,'JFK','CDG',9201.00,'08:24:00'),(48,'ORD','HND',9179.00,'13:23:00'),(49,'ORD','CDG',9097.00,'16:54:00'),(50,'JFK','SIN',8708.00,'20:39:00'),(51,'DFW','LHR',660.00,'05:26:00'),(52,'DFW','LHR',4850.00,'04:49:00'),(53,'JFK','SIN',9084.00,'22:26:00'),(54,'ORD','LHR',8386.00,'19:12:00'),(55,'JFK','CDG',1168.00,'23:57:00'),(56,'DFW','CDG',5931.00,'16:09:00'),(57,'DFW','SIN',5014.00,'23:25:00'),(58,'ORD','SIN',5721.00,'16:31:00'),(59,'ORD','LHR',7462.00,'19:47:00'),(60,'DFW','DXB',4027.00,'01:13:00'),(61,'ATL','HND',2893.00,'06:27:00'),(62,'JFK','DXB',5946.00,'14:56:00'),(63,'LAX','LHR',3616.00,'22:23:00'),(64,'DFW','HND',9324.00,'12:23:00'),(65,'DFW','CDG',6744.00,'20:52:00'),(66,'ATL','DXB',2366.00,'10:20:00'),(67,'DFW','SIN',4762.00,'18:03:00'),(68,'ORD','CDG',8152.00,'06:27:00'),(69,'DFW','CDG',1535.00,'07:29:00'),(70,'ATL','DXB',5124.00,'18:32:00'),(71,'DFW','DXB',9769.00,'21:29:00'),(72,'ORD','DXB',9751.00,'18:32:00'),(73,'DFW','HND',3556.00,'10:31:00'),(74,'ATL','HND',2845.00,'08:55:00'),(75,'ATL','CDG',580.00,'03:00:00'),(76,'LAX','SIN',2990.00,'08:04:00'),(77,'LAX','HND',4510.00,'17:52:00'),(78,'JFK','HND',8282.00,'23:49:00'),(79,'ATL','SIN',3575.00,'23:11:00'),(80,'DFW','SIN',8559.00,'12:13:00'),(81,'JFK','HND',1018.00,'05:31:00'),(82,'LAX','HND',7811.00,'00:49:00'),(83,'ATL','HND',6362.00,'15:51:00'),(84,'ORD','LHR',4256.00,'03:54:00'),(85,'ATL','HND',3686.00,'01:39:00'),(86,'DFW','HND',4411.00,'08:35:00'),(87,'ORD','CDG',6414.00,'06:55:00'),(88,'LAX','CDG',8439.00,'19:55:00'),(89,'ORD','LHR',3086.00,'18:00:00'),(90,'ATL','SIN',8564.00,'19:06:00'),(91,'DFW','DXB',7205.00,'19:50:00'),(92,'ATL','LHR',2277.00,'09:18:00'),(93,'JFK','LHR',4401.00,'20:02:00'),(94,'JFK','HND',7501.00,'18:38:00'),(95,'ORD','SIN',1225.00,'02:54:00'),(96,'LAX','HND',5807.00,'10:50:00'),(97,'LAX','HND',5661.00,'16:10:00'),(98,'ORD','SIN',9317.00,'13:50:00'),(99,'DFW','CDG',2075.00,'19:57:00'),(100,'JFK','SIN',1533.00,'14:37:00'),(101,'LAX','HND',8546.00,'09:37:00'),(102,'ORD','SIN',3707.00,'19:34:00'),(103,'ORD','CDG',9780.00,'01:20:00'),(104,'DFW','LHR',2552.00,'06:59:00'),(105,'ORD','SIN',9582.00,'03:53:00'),(106,'ATL','SIN',1479.00,'03:20:00'),(107,'JFK','LHR',8639.00,'10:18:00'),(108,'DFW','DXB',2305.00,'15:54:00'),(109,'DFW','DXB',4632.00,'16:46:00'),(110,'JFK','HND',2277.00,'08:48:00'),(111,'LAX','SIN',6178.00,'01:04:00'),(112,'ORD','HND',9791.00,'11:07:00'),(113,'LAX','CDG',9070.00,'23:37:00'),(114,'DFW','LHR',859.00,'02:16:00'),(115,'JFK','CDG',5542.00,'03:57:00'),(116,'LAX','DXB',703.00,'04:08:00'),(117,'ORD','HND',9311.00,'20:25:00'),(118,'ATL','DXB',1357.00,'01:34:00'),(119,'JFK','CDG',6663.00,'18:22:00'),(120,'DFW','LHR',1125.00,'11:01:00'),(121,'ATL','HND',7479.00,'00:24:00'),(122,'DFW','LHR',3698.00,'08:12:00'),(123,'JFK','DXB',1736.00,'09:34:00'),(124,'DFW','SIN',714.00,'00:56:00'),(125,'LAX','CDG',6386.00,'08:25:00'),(126,'ORD','SIN',914.00,'17:28:00'),(127,'JFK','CDG',6192.00,'20:42:00'),(128,'ATL','HND',572.00,'01:56:00'),(129,'LAX','CDG',9737.00,'23:53:00'),(130,'DFW','CDG',8312.00,'06:44:00'),(131,'DFW','DXB',9814.00,'00:09:00'),(132,'JFK','CDG',9896.00,'09:37:00'),(133,'DFW','LHR',3040.00,'19:12:00'),(134,'ORD','SIN',8091.00,'08:14:00'),(135,'LAX','SIN',4145.00,'20:25:00'),(136,'ORD','LHR',6994.00,'12:37:00'),(137,'LAX','CDG',9122.00,'18:04:00'),(138,'ORD','SIN',8983.00,'00:16:00'),(139,'LAX','SIN',2384.00,'13:23:00'),(140,'ATL','SIN',1965.00,'21:26:00'),(141,'ORD','SIN',5727.00,'11:32:00'),(142,'LAX','LHR',2130.00,'23:47:00'),(143,'LAX','DXB',8077.00,'16:44:00'),(144,'ATL','SIN',4083.00,'10:21:00'),(145,'LAX','LHR',513.00,'08:56:00'),(146,'LAX','DXB',7750.00,'02:48:00'),(147,'ATL','DXB',4756.00,'15:15:00'),(148,'JFK','DXB',7525.00,'05:58:00'),(149,'JFK','HND',7784.00,'14:46:00'),(150,'JFK','SIN',4059.00,'13:08:00'),(151,'ATL','SIN',4110.00,'22:11:00'),(152,'DFW','CDG',4318.00,'00:03:00'),(153,'LAX','SIN',3973.00,'07:35:00'),(154,'JFK','CDG',5375.00,'01:10:00'),(155,'DFW','DXB',4555.00,'08:03:00'),(156,'JFK','SIN',5433.00,'14:35:00'),(157,'JFK','LHR',7515.00,'18:20:00'),(158,'ORD','HND',2297.00,'00:49:00'),(159,'JFK','SIN',7753.00,'22:32:00'),(160,'JFK','CDG',2563.00,'03:43:00'),(161,'LAX','DXB',6280.00,'01:31:00'),(162,'JFK','CDG',2449.00,'22:47:00'),(163,'JFK','HND',4521.00,'23:21:00'),(164,'ATL','DXB',9352.00,'22:22:00'),(165,'ATL','DXB',8171.00,'10:39:00'),(166,'JFK','LHR',3984.00,'13:14:00'),(167,'JFK','CDG',5970.00,'07:40:00'),(168,'DFW','LHR',810.00,'05:04:00'),(169,'JFK','HND',7358.00,'03:25:00'),(170,'ATL','HND',8637.00,'16:50:00'),(171,'DFW','CDG',9502.00,'01:17:00'),(172,'JFK','LHR',7753.00,'10:17:00'),(173,'ORD','SIN',4232.00,'18:51:00'),(174,'ORD','HND',7733.00,'03:15:00'),(175,'JFK','SIN',6512.00,'09:32:00'),(176,'ORD','LHR',1806.00,'23:44:00'),(177,'ORD','HND',997.00,'05:00:00'),(178,'DFW','DXB',8640.00,'22:19:00'),(179,'DFW','DXB',2733.00,'10:11:00'),(180,'DFW','HND',7430.00,'11:08:00'),(181,'ORD','DXB',3270.00,'19:48:00'),(182,'ORD','DXB',7268.00,'17:17:00'),(183,'ORD','HND',5704.00,'17:35:00'),(184,'ORD','HND',5595.00,'14:40:00'),(185,'DFW','HND',5425.00,'22:15:00'),(186,'ORD','CDG',8488.00,'06:02:00'),(187,'ATL','SIN',2874.00,'12:47:00'),(188,'LAX','CDG',5755.00,'16:32:00'),(189,'ORD','LHR',9349.00,'14:27:00'),(190,'JFK','SIN',1301.00,'00:52:00'),(191,'ATL','CDG',1819.00,'15:14:00'),(192,'ORD','LHR',7064.00,'11:38:00'),(193,'ATL','DXB',9777.00,'07:41:00'),(194,'ATL','LHR',9359.00,'15:51:00'),(195,'JFK','SIN',5434.00,'12:32:00'),(196,'ATL','DXB',4414.00,'20:30:00'),(197,'ATL','DXB',1913.00,'20:34:00'),(198,'ATL','SIN',1017.00,'21:51:00'),(199,'DFW','CDG',7431.00,'04:40:00'),(200,'ATL','HND',5444.00,'06:11:00'),(201,'LAX','LHR',1180.00,'09:42:00'),(202,'LAX','CDG',3434.00,'05:41:00'),(203,'JFK','HND',4008.00,'10:56:00'),(204,'DFW','HND',3229.00,'09:48:00'),(205,'LAX','HND',977.00,'18:15:00'),(206,'ATL','SIN',3103.00,'21:13:00'),(207,'ORD','CDG',5188.00,'12:39:00'),(208,'LAX','CDG',1173.00,'19:44:00'),(209,'ORD','SIN',4292.00,'08:51:00'),(210,'ORD','SIN',5842.00,'01:16:00'),(211,'ORD','HND',2594.00,'00:27:00'),(212,'LAX','SIN',3022.00,'18:42:00'),(213,'LAX','DXB',5225.00,'17:08:00'),(214,'JFK','SIN',2803.00,'17:05:00'),(215,'JFK','SIN',9714.00,'19:21:00'),(216,'JFK','LHR',6802.00,'15:16:00'),(217,'LAX','HND',8895.00,'13:24:00'),(218,'ATL','CDG',8400.00,'12:15:00'),(219,'JFK','CDG',3800.00,'01:28:00'),(220,'JFK','HND',5777.00,'02:11:00'),(221,'ATL','HND',2226.00,'12:40:00'),(222,'ATL','CDG',2225.00,'02:38:00'),(223,'ORD','HND',7274.00,'02:36:00'),(224,'ATL','SIN',1950.00,'16:00:00'),(225,'ORD','DXB',6934.00,'00:14:00'),(226,'DFW','LHR',2794.00,'11:29:00'),(227,'ORD','DXB',4151.00,'15:04:00'),(228,'ATL','LHR',4343.00,'17:41:00'),(229,'ORD','CDG',8969.00,'21:05:00'),(230,'DFW','CDG',3837.00,'21:21:00'),(231,'LAX','DXB',8220.00,'02:53:00'),(232,'JFK','LHR',9974.00,'16:00:00'),(233,'ATL','SIN',8551.00,'12:42:00'),(234,'JFK','LHR',5820.00,'05:07:00'),(235,'ATL','LHR',3766.00,'18:32:00'),(236,'JFK','HND',3323.00,'09:17:00'),(237,'ATL','SIN',8161.00,'23:45:00'),(238,'ORD','CDG',8103.00,'17:01:00'),(239,'ATL','CDG',4056.00,'18:27:00'),(240,'ATL','LHR',7126.00,'13:26:00'),(241,'LAX','HND',6508.00,'03:23:00'),(242,'LAX','HND',5976.00,'20:07:00'),(243,'JFK','LHR',2758.00,'05:51:00'),(244,'ORD','DXB',7148.00,'16:36:00'),(245,'ATL','DXB',5940.00,'22:07:00'),(246,'ORD','CDG',7289.00,'04:51:00'),(247,'DFW','HND',2445.00,'11:21:00'),(248,'LAX','LHR',3295.00,'23:39:00'),(249,'DFW','SIN',6247.00,'15:00:00'),(250,'ATL','HND',1062.00,'10:08:00');
/*!40000 ALTER TABLE `routes` ENABLE KEYS */;
UNLOCK TABLES;

--
-- Table structure for table `suppliers`
--

DROP TABLE IF EXISTS `suppliers`;
/*!40101 SET @saved_cs_client     = @@character_set_client */;
/*!50503 SET character_set_client = utf8mb4 */;
CREATE TABLE `suppliers` (
  `Supplier_ID` int NOT NULL AUTO_INCREMENT,
  `Supplier_Name` varchar(100) NOT NULL,
  `Contact_Details` varchar(100) DEFAULT NULL,
  `Product_Type` varchar(50) DEFAULT NULL,
  PRIMARY KEY (`Supplier_ID`)
) ENGINE=InnoDB AUTO_INCREMENT=251 DEFAULT CHARSET=utf8mb4 COLLATE=utf8mb4_0900_ai_ci;
/*!40101 SET character_set_client = @saved_cs_client */;

--
-- Dumping data for table `suppliers`
--

LOCK TABLES `suppliers` WRITE;
/*!40000 ALTER TABLE `suppliers` DISABLE KEYS */;
INSERT INTO `suppliers` VALUES (1,'Boeing Parts Inc.','+16985992906','Fuel'),(2,'Sky Logistics','+17790311127','Parts'),(3,'Sky Logistics','+19245268754','Equipment'),(4,'Airbus Supplies Ltd.','+17377765499','Fuel'),(5,'Airbus Supplies Ltd.','+17769600474','Catering'),(6,'Sky Logistics','+18889010715','Fuel'),(7,'Global Aviation','+11900613555','Catering'),(8,'Sky Logistics','+14822158351','Parts'),(9,'Boeing Parts Inc.','+17671571102','Parts'),(10,'Airbus Supplies Ltd.','+12684452950','Fuel'),(11,'Sky Logistics','+12991514082','Parts'),(12,'Boeing Parts Inc.','+15692064094','Catering'),(13,'Boeing Parts Inc.','+13588033037','Catering'),(14,'Sky Logistics','+14306175001','Catering'),(15,'Sky Logistics','+18559853572','Fuel'),(16,'Boeing Parts Inc.','+16990080409','Parts'),(17,'Airbus Supplies Ltd.','+14452095551','Equipment'),(18,'Airbus Supplies Ltd.','+12376958868','Fuel'),(19,'Global Aviation','+14555680896','Catering'),(20,'Boeing Parts Inc.','+14790936207','Equipment'),(21,'Airbus Supplies Ltd.','+12292846770','Fuel'),(22,'Boeing Parts Inc.','+14158820485','Equipment'),(23,'Boeing Parts Inc.','+18829982968','Parts'),(24,'Airbus Supplies Ltd.','+12236898230','Equipment'),(25,'Airbus Supplies Ltd.','+19222359473','Parts'),(26,'Sky Logistics','+14184920439','Catering'),(27,'Airbus Supplies Ltd.','+15719328446','Catering'),(28,'Sky Logistics','+17019179119','Parts'),(29,'Sky Logistics','+18354723507','Fuel'),(30,'Sky Logistics','+19768079739','Catering'),(31,'Sky Logistics','+11158565419','Catering'),(32,'Sky Logistics','+18366520846','Parts'),(33,'Airbus Supplies Ltd.','+11416650661','Fuel'),(34,'Sky Logistics','+12238249901','Fuel'),(35,'Sky Logistics','+15835799089','Parts'),(36,'Airbus Supplies Ltd.','+19749181240','Parts'),(37,'Sky Logistics','+16876204971','Equipment'),(38,'Sky Logistics','+11997612021','Equipment'),(39,'Airbus Supplies Ltd.','+17930861904','Parts'),(40,'Airbus Supplies Ltd.','+19625351304','Equipment'),(41,'Global Aviation','+16766120078','Parts'),(42,'Sky Logistics','+17118485290','Equipment'),(43,'Global Aviation','+18706321872','Parts'),(44,'Boeing Parts Inc.','+17582293689','Parts'),(45,'Airbus Supplies Ltd.','+13782711971','Parts'),(46,'Global Aviation','+19026845582','Fuel'),(47,'Sky Logistics','+12027485720','Fuel'),(48,'Global Aviation','+16516232517','Fuel'),(49,'Boeing Parts Inc.','+18598127415','Parts'),(50,'Global Aviation','+16313744604','Fuel'),(51,'Boeing Parts Inc.','+12462075259','Equipment'),(52,'Airbus Supplies Ltd.','+19284852180','Catering'),(53,'Global Aviation','+17187075350','Catering'),(54,'Global Aviation','+15505644984','Fuel'),(55,'Airbus Supplies Ltd.','+11458367813','Catering'),(56,'Sky Logistics','+12274134110','Catering'),(57,'Boeing Parts Inc.','+13182106288','Equipment'),(58,'Global Aviation','+14511316235','Catering'),(59,'Boeing Parts Inc.','+18153502582','Catering'),(60,'Boeing Parts Inc.','+19118043925','Fuel'),(61,'Airbus Supplies Ltd.','+18448464116','Equipment'),(62,'Sky Logistics','+15700092259','Equipment'),(63,'Sky Logistics','+12358978370','Fuel'),(64,'Airbus Supplies Ltd.','+11961058992','Fuel'),(65,'Boeing Parts Inc.','+13160855246','Fuel'),(66,'Global Aviation','+19219600359','Fuel'),(67,'Sky Logistics','+18432699464','Catering'),(68,'Airbus Supplies Ltd.','+11169959205','Parts'),(69,'Sky Logistics','+11671941605','Catering'),(70,'Sky Logistics','+17194071023','Parts'),(71,'Global Aviation','+12963439556','Fuel'),(72,'Global Aviation','+16557537323','Equipment'),(73,'Boeing Parts Inc.','+11158421262','Fuel'),(74,'Sky Logistics','+17895053084','Fuel'),(75,'Boeing Parts Inc.','+16025131476','Fuel'),(76,'Sky Logistics','+11506765142','Fuel'),(77,'Airbus Supplies Ltd.','+16484751729','Fuel'),(78,'Boeing Parts Inc.','+18963432866','Equipment'),(79,'Boeing Parts Inc.','+18514472174','Catering'),(80,'Airbus Supplies Ltd.','+13388916521','Equipment'),(81,'Global Aviation','+17921693288','Fuel'),(82,'Airbus Supplies Ltd.','+15433486653','Fuel'),(83,'Airbus Supplies Ltd.','+17028643780','Fuel'),(84,'Global Aviation','+12805089853','Catering'),(85,'Airbus Supplies Ltd.','+17501577968','Fuel'),(86,'Global Aviation','+16951918546','Fuel'),(87,'Boeing Parts Inc.','+11007131444','Fuel'),(88,'Boeing Parts Inc.','+11715995693','Parts'),(89,'Global Aviation','+15945148243','Catering'),(90,'Sky Logistics','+14492000236','Catering'),(91,'Global Aviation','+19098022777','Parts'),(92,'Airbus Supplies Ltd.','+17809036846','Fuel'),(93,'Global Aviation','+16790581402','Equipment'),(94,'Global Aviation','+16304684595','Equipment'),(95,'Sky Logistics','+13808477706','Fuel'),(96,'Sky Logistics','+14011021829','Fuel'),(97,'Global Aviation','+14713014123','Fuel'),(98,'Airbus Supplies Ltd.','+12686059169','Catering'),(99,'Boeing Parts Inc.','+14443573555','Fuel'),(100,'Global Aviation','+13055768585','Parts'),(101,'Airbus Supplies Ltd.','+18199214086','Fuel'),(102,'Boeing Parts Inc.','+19489392925','Catering'),(103,'Sky Logistics','+15580527489','Equipment'),(104,'Sky Logistics','+18197274198','Fuel'),(105,'Airbus Supplies Ltd.','+16167467843','Fuel'),(106,'Boeing Parts Inc.','+19708319629','Catering'),(107,'Airbus Supplies Ltd.','+16890384893','Catering'),(108,'Sky Logistics','+18997896158','Fuel'),(109,'Airbus Supplies Ltd.','+13344770166','Catering'),(110,'Airbus Supplies Ltd.','+13256492516','Parts'),(111,'Global Aviation','+17334708354','Catering'),(112,'Boeing Parts Inc.','+13066304754','Parts'),(113,'Airbus Supplies Ltd.','+17902249265','Catering'),(114,'Global Aviation','+11418086520','Equipment'),(115,'Airbus Supplies Ltd.','+14259608257','Parts'),(116,'Airbus Supplies Ltd.','+14421978746','Parts'),(117,'Sky Logistics','+12062623452','Fuel'),(118,'Global Aviation','+17476546999','Parts'),(119,'Airbus Supplies Ltd.','+18525336221','Equipment'),(120,'Global Aviation','+16352398731','Catering'),(121,'Global Aviation','+13111640575','Parts'),(122,'Sky Logistics','+11537255973','Catering'),(123,'Sky Logistics','+15057311760','Fuel'),(124,'Airbus Supplies Ltd.','+13706836391','Catering'),(125,'Global Aviation','+18339955816','Fuel'),(126,'Airbus Supplies Ltd.','+16080886271','Equipment'),(127,'Global Aviation','+14853969119','Fuel'),(128,'Airbus Supplies Ltd.','+13478203500','Equipment'),(129,'Airbus Supplies Ltd.','+19909952079','Fuel'),(130,'Airbus Supplies Ltd.','+17225831930','Parts'),(131,'Airbus Supplies Ltd.','+17493915058','Equipment'),(132,'Airbus Supplies Ltd.','+12158123734','Parts'),(133,'Airbus Supplies Ltd.','+13223785317','Equipment'),(134,'Global Aviation','+11076521593','Fuel'),(135,'Airbus Supplies Ltd.','+14294246698','Equipment'),(136,'Boeing Parts Inc.','+17061092986','Catering'),(137,'Global Aviation','+14206703153','Parts'),(138,'Boeing Parts Inc.','+19600213309','Fuel'),(139,'Global Aviation','+17088707101','Equipment'),(140,'Airbus Supplies Ltd.','+19432496245','Fuel'),(141,'Sky Logistics','+19163749378','Parts'),(142,'Sky Logistics','+11510303874','Catering'),(143,'Sky Logistics','+14881147200','Catering'),(144,'Airbus Supplies Ltd.','+18019094160','Catering'),(145,'Sky Logistics','+13085401570','Parts'),(146,'Sky Logistics','+15636772058','Catering'),(147,'Global Aviation','+17780319272','Fuel'),(148,'Airbus Supplies Ltd.','+14772314327','Parts'),(149,'Global Aviation','+15959486583','Catering'),(150,'Sky Logistics','+19481356577','Equipment'),(151,'Sky Logistics','+18512983915','Catering'),(152,'Global Aviation','+16158985493','Catering'),(153,'Global Aviation','+13107623988','Catering'),(154,'Sky Logistics','+11185086320','Equipment'),(155,'Boeing Parts Inc.','+18713326625','Catering'),(156,'Boeing Parts Inc.','+18180887898','Catering'),(157,'Airbus Supplies Ltd.','+14995850580','Equipment'),(158,'Sky Logistics','+11162601416','Fuel'),(159,'Global Aviation','+12406369799','Fuel'),(160,'Sky Logistics','+11851201673','Fuel'),(161,'Sky Logistics','+11387818022','Fuel'),(162,'Boeing Parts Inc.','+13223296785','Fuel'),(163,'Sky Logistics','+13834541651','Equipment'),(164,'Global Aviation','+14001743277','Equipment'),(165,'Airbus Supplies Ltd.','+15551791919','Fuel'),(166,'Boeing Parts Inc.','+18663740113','Parts'),(167,'Sky Logistics','+16550948862','Parts'),(168,'Airbus Supplies Ltd.','+16729454658','Fuel'),(169,'Sky Logistics','+19213626175','Catering'),(170,'Global Aviation','+12359266775','Equipment'),(171,'Sky Logistics','+12764701617','Catering'),(172,'Airbus Supplies Ltd.','+11208187431','Parts'),(173,'Sky Logistics','+15621879758','Parts'),(174,'Airbus Supplies Ltd.','+18671638982','Catering'),(175,'Boeing Parts Inc.','+15829218929','Parts'),(176,'Global Aviation','+19175169715','Equipment'),(177,'Global Aviation','+14933786663','Equipment'),(178,'Global Aviation','+19649064074','Catering'),(179,'Global Aviation','+14979155752','Equipment'),(180,'Airbus Supplies Ltd.','+14103092747','Catering'),(181,'Boeing Parts Inc.','+11960563274','Parts'),(182,'Global Aviation','+12660216869','Parts'),(183,'Boeing Parts Inc.','+16605786433','Parts'),(184,'Global Aviation','+11409559914','Catering'),(185,'Global Aviation','+17988929475','Catering'),(186,'Global Aviation','+16935705831','Equipment'),(187,'Boeing Parts Inc.','+19685540647','Equipment'),(188,'Boeing Parts Inc.','+18189419910','Equipment'),(189,'Sky Logistics','+11236736555','Fuel'),(190,'Boeing Parts Inc.','+13511101953','Fuel'),(191,'Airbus Supplies Ltd.','+18399354447','Parts'),(192,'Sky Logistics','+13620751328','Catering'),(193,'Global Aviation','+17373129020','Parts'),(194,'Global Aviation','+15448491631','Parts'),(195,'Airbus Supplies Ltd.','+11949021901','Catering'),(196,'Airbus Supplies Ltd.','+15834078271','Parts'),(197,'Sky Logistics','+11039703465','Fuel'),(198,'Global Aviation','+13256097080','Parts'),(199,'Airbus Supplies Ltd.','+12818258036','Equipment'),(200,'Airbus Supplies Ltd.','+17299131907','Parts'),(201,'Sky Logistics','+11217433253','Fuel'),(202,'Global Aviation','+14219059126','Parts'),(203,'Boeing Parts Inc.','+12771074062','Fuel'),(204,'Airbus Supplies Ltd.','+19610128140','Catering'),(205,'Boeing Parts Inc.','+13321136273','Equipment'),(206,'Boeing Parts Inc.','+13145311900','Equipment'),(207,'Airbus Supplies Ltd.','+13401763023','Parts'),(208,'Sky Logistics','+12648256203','Equipment'),(209,'Global Aviation','+16676833731','Parts'),(210,'Sky Logistics','+12138244521','Equipment'),(211,'Boeing Parts Inc.','+19429793657','Catering'),(212,'Boeing Parts Inc.','+15741486087','Equipment'),(213,'Sky Logistics','+16200998006','Equipment'),(214,'Airbus Supplies Ltd.','+17333567599','Fuel'),(215,'Sky Logistics','+17652763197','Equipment'),(216,'Airbus Supplies Ltd.','+13498896167','Parts'),(217,'Airbus Supplies Ltd.','+12798711300','Catering'),(218,'Global Aviation','+19668430951','Equipment'),(219,'Boeing Parts Inc.','+18597165334','Equipment'),(220,'Boeing Parts Inc.','+17725357365','Equipment'),(221,'Global Aviation','+13365011023','Catering'),(222,'Airbus Supplies Ltd.','+12457659802','Fuel'),(223,'Global Aviation','+14978510319','Catering'),(224,'Sky Logistics','+11010188795','Catering'),(225,'Airbus Supplies Ltd.','+16482982018','Fuel'),(226,'Airbus Supplies Ltd.','+16272381536','Catering'),(227,'Airbus Supplies Ltd.','+11536778621','Parts'),(228,'Global Aviation','+17252407049','Fuel'),(229,'Boeing Parts Inc.','+16286342375','Catering'),(230,'Sky Logistics','+13929416387','Parts'),(231,'Sky Logistics','+19463018280','Catering'),(232,'Airbus Supplies Ltd.','+16039158468','Parts'),(233,'Boeing Parts Inc.','+17680233883','Fuel'),(234,'Airbus Supplies Ltd.','+19697196343','Equipment'),(235,'Sky Logistics','+13177201635','Catering'),(236,'Airbus Supplies Ltd.','+17600524464','Equipment'),(237,'Global Aviation','+16842760723','Catering'),(238,'Boeing Parts Inc.','+16499176156','Catering'),(239,'Airbus Supplies Ltd.','+12098502106','Equipment'),(240,'Airbus Supplies Ltd.','+17839559134','Fuel'),(241,'Airbus Supplies Ltd.','+11171085794','Parts'),(242,'Airbus Supplies Ltd.','+18995402502','Parts'),(243,'Sky Logistics','+17001029703','Catering'),(244,'Sky Logistics','+15990272602','Catering'),(245,'Sky Logistics','+13221621227','Catering'),(246,'Boeing Parts Inc.','+13340427237','Catering'),(247,'Sky Logistics','+13986369634','Catering'),(248,'Airbus Supplies Ltd.','+11048106399','Equipment'),(249,'Global Aviation','+14836213767','Fuel'),(250,'Sky Logistics','+11861129989','Catering');
/*!40000 ALTER TABLE `suppliers` ENABLE KEYS */;
UNLOCK TABLES;

--
-- Table structure for table `supply_chain_inventory`
--

DROP TABLE IF EXISTS `supply_chain_inventory`;
/*!40101 SET @saved_cs_client     = @@character_set_client */;
/*!50503 SET character_set_client = utf8mb4 */;
CREATE TABLE `supply_chain_inventory` (
  `Supply_ID` int NOT NULL AUTO_INCREMENT,
  `Item_Name` varchar(100) NOT NULL,
  `Item_Description` varchar(100) DEFAULT NULL,
  `Quantity_In_Stock` int DEFAULT NULL,
  `Reorder_Level` int DEFAULT NULL,
  `Supplier_ID` int NOT NULL,
  PRIMARY KEY (`Supply_ID`),
  KEY `Supplier_ID` (`Supplier_ID`),
  CONSTRAINT `supply_chain_inventory_ibfk_1` FOREIGN KEY (`Supplier_ID`) REFERENCES `suppliers` (`Supplier_ID`)
) ENGINE=InnoDB AUTO_INCREMENT=251 DEFAULT CHARSET=utf8mb4 COLLATE=utf8mb4_0900_ai_ci;
/*!40101 SET character_set_client = @saved_cs_client */;

--
-- Dumping data for table `supply_chain_inventory`
--

LOCK TABLES `supply_chain_inventory` WRITE;
/*!40000 ALTER TABLE `supply_chain_inventory` DISABLE KEYS */;
INSERT INTO `supply_chain_inventory` VALUES (1,'Engine Parts','Essential component',196,31,176),(2,'Food & Beverages','Operational necessity',459,43,112),(3,'Seats','Operational necessity',308,48,114),(4,'Fuel','Luxury item',179,37,246),(5,'Engine Parts','Essential component',131,39,14),(6,'Food & Beverages','Luxury item',73,30,53),(7,'Seats','Luxury item',286,30,66),(8,'Food & Beverages','Luxury item',332,12,77),(9,'Blankets','Essential component',430,42,148),(10,'Seats','Essential component',161,11,105),(11,'Fuel','Luxury item',49,24,114),(12,'Engine Parts','Operational necessity',467,35,219),(13,'Engine Parts','Operational necessity',272,44,182),(14,'Fuel','Operational necessity',44,9,133),(15,'Seats','Essential component',369,8,242),(16,'Engine Parts','Luxury item',349,30,195),(17,'Fuel','Luxury item',244,39,159),(18,'Fuel','Essential component',195,43,95),(19,'Engine Parts','Operational necessity',106,39,185),(20,'Food & Beverages','Luxury item',57,44,212),(21,'Engine Parts','Operational necessity',108,5,200),(22,'Engine Parts','Operational necessity',240,25,57),(23,'Fuel','Essential component',358,40,67),(24,'Engine Parts','Luxury item',54,7,152),(25,'Seats','Operational necessity',84,29,185),(26,'Fuel','Operational necessity',213,44,33),(27,'Fuel','Operational necessity',481,26,247),(28,'Food & Beverages','Operational necessity',355,41,158),(29,'Blankets','Luxury item',252,9,196),(30,'Engine Parts','Luxury item',332,46,231),(31,'Engine Parts','Operational necessity',175,26,250),(32,'Fuel','Luxury item',348,21,79),(33,'Blankets','Essential component',346,12,223),(34,'Blankets','Luxury item',270,43,182),(35,'Engine Parts','Luxury item',61,13,170),(36,'Food & Beverages','Operational necessity',355,23,48),(37,'Fuel','Operational necessity',170,31,123),(38,'Seats','Essential component',470,39,116),(39,'Fuel','Luxury item',145,47,202),(40,'Seats','Operational necessity',205,20,205),(41,'Food & Beverages','Essential component',433,19,98),(42,'Food & Beverages','Operational necessity',426,43,6),(43,'Seats','Operational necessity',470,17,7),(44,'Seats','Essential component',71,48,81),(45,'Seats','Luxury item',383,18,179),(46,'Fuel','Essential component',384,27,210),(47,'Engine Parts','Operational necessity',257,41,84),(48,'Fuel','Operational necessity',206,16,108),(49,'Food & Beverages','Essential component',487,10,199),(50,'Blankets','Luxury item',119,9,57),(51,'Seats','Operational necessity',123,30,125),(52,'Engine Parts','Luxury item',362,37,46),(53,'Engine Parts','Operational necessity',85,42,222),(54,'Seats','Essential component',220,14,95),(55,'Engine Parts','Luxury item',239,49,245),(56,'Seats','Essential component',150,30,33),(57,'Food & Beverages','Operational necessity',95,8,20),(58,'Seats','Operational necessity',163,33,121),(59,'Food & Beverages','Luxury item',167,46,175),(60,'Engine Parts','Operational necessity',273,6,170),(61,'Food & Beverages','Operational necessity',252,37,62),(62,'Fuel','Luxury item',177,28,138),(63,'Blankets','Essential component',425,33,236),(64,'Seats','Luxury item',488,24,61),(65,'Fuel','Luxury item',116,29,22),(66,'Food & Beverages','Operational necessity',29,31,54),(67,'Food & Beverages','Luxury item',38,6,217),(68,'Fuel','Luxury item',490,5,105),(69,'Food & Beverages','Operational necessity',109,34,65),(70,'Seats','Luxury item',269,47,92),(71,'Fuel','Operational necessity',124,27,95),(72,'Engine Parts','Essential component',414,20,30),(73,'Food & Beverages','Luxury item',376,13,162),(74,'Fuel','Operational necessity',405,5,195),(75,'Seats','Luxury item',69,30,56),(76,'Seats','Essential component',81,5,155),(77,'Engine Parts','Operational necessity',36,45,99),(78,'Seats','Operational necessity',84,10,52),(79,'Fuel','Luxury item',147,27,52),(80,'Fuel','Operational necessity',13,41,15),(81,'Blankets','Luxury item',340,10,68),(82,'Fuel','Luxury item',216,23,22),(83,'Food & Beverages','Operational necessity',362,21,149),(84,'Blankets','Luxury item',250,37,52),(85,'Food & Beverages','Luxury item',46,37,186),(86,'Seats','Operational necessity',319,49,165),(87,'Engine Parts','Operational necessity',227,5,73),(88,'Seats','Operational necessity',327,24,106),(89,'Food & Beverages','Essential component',128,40,163),(90,'Food & Beverages','Luxury item',275,43,249),(91,'Seats','Essential component',33,44,6),(92,'Engine Parts','Essential component',218,35,153),(93,'Fuel','Operational necessity',311,22,224),(94,'Food & Beverages','Essential component',436,32,170),(95,'Fuel','Operational necessity',266,46,35),(96,'Blankets','Luxury item',240,37,102),(97,'Blankets','Operational necessity',263,23,177),(98,'Food & Beverages','Luxury item',355,10,230),(99,'Fuel','Essential component',123,30,123),(100,'Blankets','Luxury item',454,29,97),(101,'Fuel','Essential component',250,37,201),(102,'Blankets','Essential component',424,22,157),(103,'Engine Parts','Operational necessity',211,35,123),(104,'Blankets','Operational necessity',197,34,105),(105,'Blankets','Operational necessity',407,9,53),(106,'Seats','Operational necessity',304,48,115),(107,'Blankets','Operational necessity',258,9,23),(108,'Blankets','Operational necessity',452,5,109),(109,'Food & Beverages','Luxury item',25,47,221),(110,'Fuel','Luxury item',254,40,122),(111,'Seats','Operational necessity',236,39,156),(112,'Food & Beverages','Luxury item',402,15,218),(113,'Food & Beverages','Luxury item',400,28,134),(114,'Engine Parts','Essential component',117,28,231),(115,'Fuel','Luxury item',215,25,147),(116,'Blankets','Operational necessity',99,23,53),(117,'Blankets','Luxury item',414,10,144),(118,'Seats','Essential component',29,18,235),(119,'Engine Parts','Essential component',209,33,132),(120,'Food & Beverages','Essential component',416,7,198),(121,'Blankets','Operational necessity',352,10,123),(122,'Fuel','Luxury item',31,10,163),(123,'Blankets','Essential component',138,9,89),(124,'Seats','Luxury item',386,49,206),(125,'Blankets','Luxury item',17,9,239),(126,'Blankets','Essential component',424,40,18),(127,'Engine Parts','Operational necessity',408,48,139),(128,'Seats','Essential component',289,7,223),(129,'Seats','Essential component',23,11,123),(130,'Food & Beverages','Luxury item',122,29,84),(131,'Food & Beverages','Operational necessity',194,6,217),(132,'Engine Parts','Essential component',450,46,231),(133,'Engine Parts','Essential component',95,42,218),(134,'Food & Beverages','Luxury item',210,43,97),(135,'Food & Beverages','Operational necessity',352,19,140),(136,'Seats','Essential component',329,38,140),(137,'Fuel','Essential component',183,27,215),(138,'Fuel','Essential component',302,26,89),(139,'Food & Beverages','Operational necessity',78,16,126),(140,'Engine Parts','Operational necessity',126,18,197),(141,'Engine Parts','Essential component',331,30,168),(142,'Blankets','Luxury item',493,11,1),(143,'Fuel','Operational necessity',296,20,66),(144,'Engine Parts','Essential component',293,49,142),(145,'Seats','Luxury item',255,19,203),(146,'Food & Beverages','Essential component',475,24,246),(147,'Food & Beverages','Luxury item',43,46,150),(148,'Blankets','Essential component',497,43,221),(149,'Seats','Luxury item',329,39,180),(150,'Blankets','Essential component',295,37,220),(151,'Blankets','Essential component',235,28,206),(152,'Fuel','Luxury item',395,5,112),(153,'Food & Beverages','Essential component',435,26,9),(154,'Food & Beverages','Luxury item',390,40,41),(155,'Seats','Essential component',497,24,164),(156,'Engine Parts','Luxury item',97,32,114),(157,'Food & Beverages','Luxury item',354,20,217),(158,'Engine Parts','Operational necessity',86,32,137),(159,'Fuel','Essential component',21,30,152),(160,'Food & Beverages','Operational necessity',269,36,248),(161,'Fuel','Essential component',448,26,66),(162,'Seats','Essential component',131,9,19),(163,'Food & Beverages','Operational necessity',22,7,166),(164,'Food & Beverages','Luxury item',307,20,105),(165,'Food & Beverages','Luxury item',88,49,153),(166,'Food & Beverages','Essential component',255,16,156),(167,'Fuel','Operational necessity',441,17,120),(168,'Food & Beverages','Luxury item',223,39,191),(169,'Fuel','Essential component',272,8,233),(170,'Seats','Luxury item',380,21,221),(171,'Seats','Essential component',109,41,149),(172,'Seats','Essential component',435,28,247),(173,'Engine Parts','Operational necessity',199,13,230),(174,'Engine Parts','Luxury item',440,25,178),(175,'Food & Beverages','Operational necessity',134,32,197),(176,'Food & Beverages','Essential component',489,34,99),(177,'Blankets','Luxury item',402,48,10),(178,'Fuel','Operational necessity',265,38,47),(179,'Fuel','Essential component',113,20,70),(180,'Seats','Operational necessity',310,22,155),(181,'Food & Beverages','Operational necessity',236,38,15),(182,'Fuel','Operational necessity',127,35,243),(183,'Engine Parts','Operational necessity',199,6,61),(184,'Blankets','Luxury item',463,46,249),(185,'Fuel','Luxury item',60,18,109),(186,'Food & Beverages','Essential component',27,10,24),(187,'Blankets','Essential component',130,28,52),(188,'Blankets','Essential component',313,32,101),(189,'Food & Beverages','Luxury item',281,15,228),(190,'Food & Beverages','Luxury item',258,41,37),(191,'Engine Parts','Operational necessity',367,39,96),(192,'Seats','Operational necessity',333,22,71),(193,'Blankets','Essential component',97,11,129),(194,'Blankets','Operational necessity',438,48,221),(195,'Fuel','Luxury item',321,7,214),(196,'Fuel','Operational necessity',168,19,193),(197,'Fuel','Luxury item',144,44,175),(198,'Blankets','Essential component',242,32,41),(199,'Engine Parts','Essential component',88,5,5),(200,'Seats','Operational necessity',50,49,185),(201,'Engine Parts','Operational necessity',474,43,37),(202,'Food & Beverages','Operational necessity',456,12,144),(203,'Seats','Operational necessity',450,6,195),(204,'Engine Parts','Essential component',440,31,105),(205,'Seats','Luxury item',235,25,86),(206,'Engine Parts','Operational necessity',73,35,56),(207,'Seats','Luxury item',203,34,146),(208,'Fuel','Operational necessity',164,27,230),(209,'Engine Parts','Operational necessity',141,33,112),(210,'Food & Beverages','Essential component',461,14,203),(211,'Engine Parts','Essential component',320,20,198),(212,'Blankets','Luxury item',182,46,197),(213,'Fuel','Luxury item',310,19,122),(214,'Fuel','Essential component',265,49,189),(215,'Blankets','Essential component',71,38,164),(216,'Seats','Luxury item',20,23,227),(217,'Seats','Operational necessity',274,46,151),(218,'Food & Beverages','Operational necessity',443,43,116),(219,'Seats','Luxury item',304,24,144),(220,'Fuel','Essential component',374,42,193),(221,'Seats','Operational necessity',292,8,214),(222,'Blankets','Luxury item',245,39,87),(223,'Fuel','Luxury item',489,12,101),(224,'Engine Parts','Operational necessity',28,17,151),(225,'Blankets','Operational necessity',386,41,118),(226,'Fuel','Luxury item',301,21,98),(227,'Food & Beverages','Operational necessity',311,36,16),(228,'Food & Beverages','Luxury item',285,46,218),(229,'Blankets','Operational necessity',39,37,128),(230,'Engine Parts','Essential component',132,46,50),(231,'Food & Beverages','Luxury item',151,27,11),(232,'Engine Parts','Operational necessity',305,47,134),(233,'Seats','Luxury item',10,45,38),(234,'Blankets','Essential component',295,30,223),(235,'Engine Parts','Luxury item',398,41,235),(236,'Seats','Operational necessity',73,15,186),(237,'Fuel','Luxury item',497,14,145),(238,'Blankets','Operational necessity',96,39,97),(239,'Fuel','Operational necessity',444,47,81),(240,'Fuel','Luxury item',217,47,17),(241,'Seats','Luxury item',473,24,217),(242,'Food & Beverages','Essential component',26,23,178),(243,'Fuel','Essential component',209,36,99),(244,'Seats','Essential component',98,42,22),(245,'Food & Beverages','Essential component',219,26,28),(246,'Food & Beverages','Luxury item',228,45,126),(247,'Engine Parts','Luxury item',468,22,198),(248,'Fuel','Essential component',276,17,90),(249,'Fuel','Operational necessity',240,40,181),(250,'Fuel','Luxury item',485,16,247);
/*!40000 ALTER TABLE `supply_chain_inventory` ENABLE KEYS */;
UNLOCK TABLES;

--
-- Final view structure for view `aircraftmaintenancestatus`
--

/*!50001 DROP VIEW IF EXISTS `aircraftmaintenancestatus`*/;
/*!50001 SET @saved_cs_client          = @@character_set_client */;
/*!50001 SET @saved_cs_results         = @@character_set_results */;
/*!50001 SET @saved_col_connection     = @@collation_connection */;
/*!50001 SET character_set_client      = utf8mb4 */;
/*!50001 SET character_set_results     = utf8mb4 */;
/*!50001 SET collation_connection      = utf8mb4_0900_ai_ci */;
/*!50001 CREATE ALGORITHM=UNDEFINED */
/*!50013 DEFINER=`root`@`localhost` SQL SECURITY DEFINER */
/*!50001 VIEW `aircraftmaintenancestatus` AS select `a`.`Aircraft_ID` AS `Aircraft_ID`,`a`.`Aircraft_Type` AS `Aircraft_Type`,`a`.`Manufacturer` AS `Manufacturer`,`a`.`Maintenance_Status` AS `Maintenance_Status`,`m`.`Maintenance_Type` AS `Maintenance_Type`,`m`.`Maintenance_Date` AS `Maintenance_Date`,`m`.`Next_Maintenance_Due` AS `Next_Maintenance_Due`,`e`.`First_Name` AS `Technician_FirstName`,`e`.`Last_Name` AS `Technician_LastName` from ((`aircraft` `a` left join `maintenance` `m` on((`a`.`Aircraft_ID` = `m`.`Aircraft_ID`))) left join `employees` `e` on((`m`.`Technician_ID` = `e`.`Employee_ID`))) */;
/*!50001 SET character_set_client      = @saved_cs_client */;
/*!50001 SET character_set_results     = @saved_cs_results */;
/*!50001 SET collation_connection      = @saved_col_connection */;

--
-- Final view structure for view `flightbookingdetails`
--

/*!50001 DROP VIEW IF EXISTS `flightbookingdetails`*/;
/*!50001 SET @saved_cs_client          = @@character_set_client */;
/*!50001 SET @saved_cs_results         = @@character_set_results */;
/*!50001 SET @saved_col_connection     = @@collation_connection */;
/*!50001 SET character_set_client      = utf8mb4 */;
/*!50001 SET character_set_results     = utf8mb4 */;
/*!50001 SET collation_connection      = utf8mb4_0900_ai_ci */;
/*!50001 CREATE ALGORITHM=UNDEFINED */
/*!50013 DEFINER=`root`@`localhost` SQL SECURITY DEFINER */
/*!50001 VIEW `flightbookingdetails` AS select `f`.`Flight_Number` AS `Flight_Number`,`f`.`Departure_Airport` AS `Departure_Airport`,`f`.`Arrival_Airport` AS `Arrival_Airport`,`f`.`Departure_Time` AS `Departure_Time`,`f`.`Arrival_Time` AS `Arrival_Time`,`c`.`First_Name` AS `First_Name`,`c`.`Last_Name` AS `Last_Name`,`b`.`Booking_ID` AS `Booking_ID`,`b`.`Seat_Class` AS `Seat_Class`,`b`.`Seat_Number` AS `Seat_Number`,`b`.`Total_Price` AS `Total_Price`,`b`.`Payment_Status` AS `Payment_Status` from ((`flights` `f` join `bookings` `b` on((`f`.`Flight_ID` = `b`.`Flight_ID`))) join `customers` `c` on((`b`.`Customer_ID` = `c`.`Customer_ID`))) */;
/*!50001 SET character_set_client      = @saved_cs_client */;
/*!50001 SET character_set_results     = @saved_cs_results */;
/*!50001 SET collation_connection      = @saved_col_connection */;
/*!40103 SET TIME_ZONE=@OLD_TIME_ZONE */;

/*!40101 SET SQL_MODE=@OLD_SQL_MODE */;
/*!40014 SET FOREIGN_KEY_CHECKS=@OLD_FOREIGN_KEY_CHECKS */;
/*!40014 SET UNIQUE_CHECKS=@OLD_UNIQUE_CHECKS */;
/*!40101 SET CHARACTER_SET_CLIENT=@OLD_CHARACTER_SET_CLIENT */;
/*!40101 SET CHARACTER_SET_RESULTS=@OLD_CHARACTER_SET_RESULTS */;
/*!40101 SET COLLATION_CONNECTION=@OLD_COLLATION_CONNECTION */;
/*!40111 SET SQL_NOTES=@OLD_SQL_NOTES */;

-- Dump completed on 2025-03-16 16:52:36
